timestamp_ms,room_temp,ambient_temp,humidity,leak_pct,leak_alert,cooling,valve_pct,power_mW,energy_mWh,sensor_fault
2434,10.12,25.0,40.0,0,0,1,43,29064.0,0.00,0
3434,10.11,25.0,40.0,0,0,1,44,29064.0,2906.40,0
4434,10.10,25.0,40.0,0,0,1,46,29064.0,5812.80,0
5434,10.09,25.1,40.0,0,0,1,47,29064.0,8719.20,0
6434,10.08,25.1,40.0,0,0,1,48,29064.0,11625.60,0
7434,10.07,25.1,40.0,0,0,1,50,29064.0,14532.00,0
8434,10.05,25.1,40.0,0,0,1,51,29064.0,17438.40,0
9434,10.03,25.1,40.0,0,0,1,52,29064.0,20344.80,0
10434,10.01,25.2,40.0,0,0,1,53,29064.0,23251.20,0
11434,9.98,25.2,40.0,0,0,1,55,29064.0,26157.60,0
12434,9.95,25.2,40.0,0,0,1,56,29064.0,29064.00,0
13434,9.93,25.2,40.0,0,0,1,57,29064.0,31970.40,0
14434,9.90,25.2,40.0,0,0,1,58,29064.0,34876.80,0
15434,9.86,25.3,40.0,0,0,1,59,29064.0,37783.20,0
16434,9.83,25.3,40.0,0,0,1,60,29064.0,40689.60,0
17434,9.79,25.3,40.0,0,0,1,61,29064.0,43596.00,0
18434,9.76,25.3,40.0,0,0,1,62,29064.0,46502.39,0
19434,9.72,25.3,40.0,0,0,1,63,29064.0,49408.79,0
20434,9.67,25.4,40.0,0,0,1,64,29064.0,52315.19,0
21434,9.63,25.4,40.0,0,0,1,65,29064.0,55221.59,0
22434,9.59,25.4,40.0,0,0,1,66,29064.0,58127.99,0
23434,9.54,25.4,40.0,0,0,1,67,29064.0,61034.39,0
24434,9.49,25.4,40.0,0,0,1,68,29064.0,63940.79,0
25434,9.45,25.5,40.0,0,0,1,69,29064.0,66847.19,0
26434,9.39,25.5,40.0,0,0,1,70,29064.0,69753.59,0
27434,9.34,25.5,40.0,0,0,1,70,29064.0,72659.98,0
28434,9.29,25.5,40.0,0,0,1,71,29064.0,75566.38,0
29434,9.24,25.5,40.0,0,0,1,72,29064.0,78472.78,0
30434,9.18,25.6,40.0,0,0,1,73,29064.0,81379.18,0
31434,9.13,25.6,40.0,0,0,1,74,29064.0,84285.58,0
32434,9.07,25.6,40.0,0,0,1,74,29064.0,87191.98,0
33434,9.01,25.6,40.0,0,0,1,75,29064.0,90098.38,0
34434,8.95,25.6,40.0,0,0,1,76,29064.0,93004.77,0
35434,8.89,25.7,40.0,0,0,1,76,29064.0,95911.17,0
36434,8.83,25.7,40.0,0,0,1,77,29064.0,98817.57,0
37434,8.77,25.7,40.0,0,0,1,77,29064.0,101723.97,0
38434,8.71,25.7,40.0,0,0,1,78,29064.0,104630.37,0
39434,8.64,25.7,40.0,0,0,1,79,29064.0,107536.77,0
40434,8.58,25.8,40.0,0,0,1,79,29064.0,110443.16,0
41434,8.52,25.8,40.0,0,0,1,80,29064.0,113349.56,0
42434,8.45,25.8,40.0,0,0,1,80,29064.0,116255.96,0
43434,8.38,25.8,40.0,0,0,1,81,29064.0,119162.36,0
44434,8.32,25.8,40.0,0,0,1,81,29064.0,122068.76,0
45434,8.25,25.9,40.0,0,0,1,82,29064.0,124975.16,0
46434,8.18,25.9,40.0,0,0,1,82,9864.0,125961.55,0
47434,8.12,25.9,40.0,0,0,1,82,29064.0,128867.95,0
48434,8.05,25.9,40.0,0,0,1,83,29064.0,131774.36,0
49434,7.98,25.9,40.0,0,0,1,83,29064.0,134680.77,0
50434,7.91,26.0,40.0,0,0,1,83,9864.0,135667.17,0
51434,7.85,26.0,40.0,0,0,1,84,29064.0,138573.58,0
52434,7.78,26.0,40.0,0,0,1,84,29064.0,141479.98,0
53434,7.71,26.0,40.0,0,0,1,84,9864.0,142466.39,0
54434,7.64,26.0,40.0,0,0,1,85,29064.0,145372.80,0
55434,7.57,26.1,40.0,0,0,1,85,9864.0,146359.20,0
56434,7.50,26.1,40.0,0,0,1,85,29064.0,149265.61,0
57434,7.44,26.1,40.0,0,0,1,85,9864.0,150252.02,0
58434,7.37,26.1,40.0,0,0,1,86,29064.0,153158.42,0
59434,7.30,26.1,40.0,0,0,1,86,9864.0,154144.83,0
60434,7.23,26.2,40.0,0,0,1,86,9864.0,155131.23,0
61434,7.16,26.2,40.0,0,0,1,86,29064.0,158037.64,0
62434,7.09,26.2,40.0,0,0,1,86,9864.0,159024.05,0
63434,7.03,26.2,40.0,0,0,1,86,9864.0,160010.45,0
64434,6.96,26.2,40.0,0,0,1,86,9864.0,160996.86,0
65434,6.89,26.3,40.0,0,0,1,87,29064.0,163903.27,0
66434,6.82,26.3,40.0,0,0,1,87,9864.0,164889.67,0
67434,6.76,26.3,40.0,0,0,1,87,9864.0,165876.08,0
68434,6.69,26.3,40.0,0,0,1,87,9864.0,166862.48,0
69434,6.62,26.3,40.0,0,0,1,87,9864.0,167848.89,0
70434,6.56,26.4,40.0,0,0,1,87,9864.0,168835.30,0
71434,6.49,26.4,40.0,0,0,1,87,9864.0,169821.70,0
72434,6.43,26.4,40.0,0,0,1,87,9864.0,170808.11,0
73434,6.36,26.4,40.0,0,0,1,87,9864.0,171794.52,0
74434,6.30,26.4,40.0,0,0,1,87,9864.0,172780.92,0
75434,6.24,26.5,40.0,0,0,1,87,9864.0,173767.33,0
76434,6.17,26.5,40.0,0,0,1,87,9864.0,174753.73,0
77434,6.11,26.5,40.0,0,0,1,87,9864.0,175740.14,0
78434,6.05,26.5,40.0,0,0,1,87,9864.0,176726.55,0
79434,5.99,26.5,40.0,0,0,1,86,29064.0,179632.95,0
80434,5.93,26.6,40.0,0,0,1,86,9864.0,180619.36,0
81434,5.87,26.6,40.0,0,0,1,86,9864.0,181605.77,0
82434,5.81,26.6,40.0,0,0,1,86,9864.0,182592.17,0
83434,5.75,26.6,40.0,0,0,1,86,29064.0,185498.58,0
84434,5.69,26.6,40.0,0,0,1,86,9864.0,186484.98,0
85434,5.63,26.7,40.0,0,0,1,86,9864.0,187471.39,0
86434,5.58,26.7,40.0,0,0,1,86,9864.0,188457.80,0
87434,5.52,26.7,40.0,0,0,1,85,29064.0,191364.20,0
88434,5.47,26.7,40.0,0,0,1,85,9864.0,192350.61,0
89434,5.41,26.7,40.0,0,0,1,85,9864.0,193337.02,0
90434,5.36,26.8,40.0,0,0,1,85,29064.0,196243.42,0
91434,5.31,26.8,40.0,0,0,1,85,9864.0,197229.83,0
92434,5.25,26.8,40.0,0,0,1,84,29064.0,200136.23,0
93434,5.20,26.8,40.0,0,0,1,84,9864.0,201122.64,0
94434,5.15,26.8,40.0,0,0,1,84,9864.0,202109.05,0
95434,5.10,26.9,40.0,0,0,1,84,29064.0,205015.45,0
96434,5.05,26.9,40.0,0,0,1,84,9864.0,206001.86,0
97434,5.01,26.9,40.0,0,0,1,83,29064.0,208908.27,0
98434,4.96,26.9,40.0,0,0,1,83,9864.0,209894.67,0
99434,4.91,26.9,40.0,0,0,1,83,29064.0,212801.08,0
100434,4.87,27.0,40.0,0,0,1,83,9864.0,213787.48,0
101434,4.82,27.0,40.0,0,0,1,82,29064.0,216693.89,0
102434,4.78,27.0,40.0,0,0,1,82,9864.0,217680.30,0
103434,4.73,27.0,40.0,0,0,1,82,29064.0,220586.70,0
104434,4.69,27.0,40.0,0,0,1,82,9864.0,221573.11,0
105434,4.65,27.1,40.0,0,0,1,81,29064.0,224479.52,0
106434,4.61,27.1,40.0,0,0,1,81,29064.0,227385.92,0
107434,4.57,27.1,40.0,0,0,1,81,9864.0,228372.33,0
108434,4.53,27.1,40.0,0,0,1,80,29064.0,231278.73,0
109434,4.50,27.1,40.0,0,0,1,80,9864.0,232265.14,0
110434,4.46,27.2,40.0,0,0,1,76,29064.0,235171.55,0
111434,4.43,27.2,40.0,0,0,1,72,29064.0,238077.95,0
112434,4.41,27.2,40.0,0,0,1,68,29064.0,240984.36,0
113434,4.40,27.2,40.0,0,0,1,64,29064.0,243890.77,0
114434,4.40,27.2,40.0,0,0,1,61,29064.0,246797.17,0
115434,4.40,27.3,40.0,0,0,1,58,29064.0,249703.58,0
116434,4.41,27.3,40.0,0,0,1,55,29064.0,252609.98,0
117434,4.42,27.3,40.0,0,0,1,52,29064.0,255516.39,0
118434,4.44,27.3,40.0,0,0,1,50,29064.0,258422.80,0
119434,4.46,27.3,40.0,0,0,1,47,29064.0,261329.20,0
120434,4.49,27.4,40.0,0,0,1,45,29064.0,264235.59,0
121434,4.53,27.4,40.0,0,0,1,43,29064.0,267142.00,0
122434,4.56,27.4,40.0,0,0,1,43,9864.0,268128.41,0
123434,4.60,27.4,40.0,0,0,1,44,29064.0,271034.81,0
124434,4.64,27.4,40.0,0,0,1,44,29064.0,273941.22,0
125434,4.67,27.5,40.0,0,0,1,44,9864.0,274927.63,0
126434,4.71,27.5,40.0,0,0,1,45,29064.0,277834.03,0
127434,4.74,27.5,40.0,0,0,1,45,29064.0,280740.44,0
128434,4.78,27.5,40.0,0,0,1,45,9864.0,281726.84,0
129434,4.81,27.5,40.0,0,0,1,46,29064.0,284633.25,0
130434,4.84,27.6,40.0,0,0,1,46,9864.0,285619.66,0
131434,4.87,27.6,40.0,0,0,1,46,29064.0,288526.06,0
132434,4.90,27.6,40.0,0,0,1,47,29064.0,291432.47,0
133434,4.93,27.6,40.0,0,0,1,47,9864.0,292418.88,0
134434,4.96,27.6,40.0,0,0,1,47,29064.0,295325.28,0
135434,4.99,27.7,40.0,0,0,1,48,29064.0,298231.69,0
136434,5.02,27.7,40.0,0,0,1,48,9864.0,299218.09,0
137434,5.04,27.7,40.0,0,0,1,48,29064.0,302124.50,0
138434,5.07,27.7,40.0,0,0,1,49,29064.0,305030.91,0
139434,5.10,27.7,40.0,0,0,1,49,9864.0,306017.31,0
140434,5.12,27.8,40.0,0,0,1,49,29064.0,308923.72,0
141434,5.15,27.8,40.0,0,0,1,50,29064.0,311830.13,0
142434,5.17,27.8,40.0,0,0,1,50,29064.0,314736.53,0
143434,5.19,27.8,40.0,0,0,1,50,9864.0,315722.94,0
144434,5.21,27.8,40.0,0,0,1,51,29064.0,318629.34,0
145434,5.24,27.9,40.0,0,0,1,51,29064.0,321535.75,0
146434,5.26,27.9,40.0,0,0,1,51,9864.0,322522.16,0
147434,5.28,27.9,40.0,0,0,1,52,29064.0,325428.56,0
148434,5.30,27.9,40.0,0,0,1,52,29064.0,328334.97,0
149434,5.31,27.9,40.0,0,0,1,52,9864.0,329321.38,0
150434,5.33,28.0,40.0,0,0,1,53,29064.0,332227.78,0
151434,5.35,28.0,40.0,0,0,1,53,29064.0,335134.19,0
152434,5.37,28.0,40.0,0,0,1,53,9864.0,336120.59,0
153434,5.38,28.0,40.0,0,0,1,54,29064.0,339027.00,0
154434,5.40,28.0,40.0,0,0,1,54,29064.0,341933.41,0
155434,5.41,28.1,40.0,0,0,1,54,9864.0,342919.81,0
156434,5.43,28.1,40.0,0,0,1,55,29064.0,345826.22,0
157434,5.44,28.1,40.0,0,0,1,55,29064.0,348732.63,0
158434,5.45,28.1,40.0,0,0,1,55,9864.0,349719.03,0
159434,5.47,28.1,40.0,0,0,1,56,29064.0,352625.44,0
160434,5.48,28.2,40.0,0,0,1,56,29064.0,355531.84,0
161434,5.49,28.2,40.0,0,0,1,56,9864.0,356518.25,0
162434,5.50,28.2,40.0,0,0,1,57,29064.0,359424.66,0
163434,5.51,28.2,40.0,0,0,1,57,29064.0,362331.06,0
164434,5.52,28.2,40.0,0,0,1,57,9864.0,363317.47,0
165434,5.53,28.3,40.0,0,0,1,58,29064.0,366223.88,0
166434,5.53,28.3,40.0,0,0,1,58,29064.0,369130.28,0
167434,5.54,28.3,40.0,0,0,1,58,9864.0,370116.69,0
168434,5.55,28.3,40.0,0,0,1,59,29064.0,373023.09,0
169434,5.55,28.3,40.0,0,0,1,59,29064.0,375929.50,0
170434,5.56,28.4,40.0,0,0,1,59,9864.0,376915.91,0
171434,5.57,28.4,40.0,0,0,1,60,29064.0,379822.31,0
172434,5.57,28.4,40.0,0,0,1,60,9864.0,380808.72,0
173434,5.57,28.4,40.0,0,0,1,60,29064.0,383715.13,0
174434,5.58,28.4,40.0,0,0,1,61,29064.0,386621.53,0
175434,5.58,28.5,40.0,0,0,1,61,9864.0,387607.94,0
176434,5.58,28.5,40.0,0,0,1,61,29064.0,390514.34,0
177434,5.59,28.5,40.0,0,0,1,61,9864.0,391500.75,0
178434,5.59,28.5,40.0,0,0,1,62,29064.0,394407.16,0
179434,5.59,28.5,40.0,0,0,1,62,9864.0,395393.56,0
180434,5.59,28.6,40.0,0,0,1,62,29064.0,398299.97,0
181434,5.59,28.6,40.0,0,0,1,63,29064.0,401206.38,0
182434,5.59,28.6,40.0,0,0,1,63,9864.0,402192.78,0
183434,5.59,28.6,40.0,0,0,1,63,29064.0,405099.19,0
184434,5.59,28.6,40.0,0,0,1,63,9864.0,406085.59,0
185434,5.59,28.7,40.0,0,0,1,64,29064.0,408992.00,0
186434,5.59,28.7,40.0,0,0,1,64,9864.0,409978.41,0
187434,5.58,28.7,40.0,0,0,1,64,29064.0,412884.81,0
188434,5.58,28.7,40.0,0,0,1,64,9864.0,413871.22,0
189434,5.58,28.7,40.0,0,0,1,65,29064.0,416777.63,0
190434,5.57,28.8,40.0,0,0,1,65,9864.0,417764.03,0
191434,5.57,28.8,40.0,0,0,1,65,29064.0,420670.44,0
192434,5.57,28.8,40.0,0,0,1,65,9864.0,421656.84,0
193434,5.56,28.8,40.0,0,0,1,66,29064.0,424563.25,0
194434,5.56,28.8,40.0,0,0,1,66,9864.0,425549.66,0
195434,5.55,28.9,40.0,0,0,1,66,29064.0,428456.06,0
196434,5.55,28.9,40.0,0,0,1,66,9864.0,429442.47,0
197434,5.54,28.9,40.0,0,0,1,66,9864.0,430428.88,0
198434,5.54,28.9,40.0,0,0,1,67,29064.0,433335.28,0
199434,5.53,28.9,40.0,0,0,1,67,9864.0,434321.69,0
200434,5.52,29.0,40.0,0,0,1,67,29064.0,437228.09,0
201434,5.52,29.0,40.0,0,0,1,67,9864.0,438214.50,0
202434,5.51,29.0,40.0,0,0,1,68,29064.0,441120.91,0
203434,5.50,29.0,40.0,0,0,1,68,9864.0,442107.31,0
204434,5.49,29.0,40.0,0,0,1,68,9864.0,443093.72,0
205434,5.49,29.1,40.0,0,0,1,68,29064.0,446000.13,0
206434,5.48,29.1,40.0,0,0,1,68,9864.0,446986.53,0
207434,5.47,29.1,40.0,0,0,1,68,9864.0,447972.94,0
208434,5.46,29.1,40.0,0,0,1,69,29064.0,450879.34,0
209434,5.45,29.1,40.0,0,0,1,69,9864.0,451865.75,0
210434,5.45,29.2,40.0,0,0,1,69,9864.0,452852.16,0
211434,5.44,29.2,40.0,0,0,1,69,29064.0,455758.56,0
212434,5.43,29.2,40.0,0,0,1,69,9864.0,456744.97,0
213434,5.42,29.2,40.0,0,0,1,69,9864.0,457731.38,0
214434,5.41,29.2,40.0,0,0,1,70,29064.0,460637.78,0
215434,5.40,29.3,40.0,0,0,1,70,9864.0,461624.19,0
216434,5.39,29.3,40.0,0,0,1,70,9864.0,462610.59,0
217434,5.38,29.3,40.0,0,0,1,70,29064.0,465517.00,0
218434,5.37,29.3,40.0,0,0,1,70,9864.0,466503.41,0
219434,5.36,29.3,40.0,0,0,1,70,9864.0,467489.81,0
220434,5.35,29.4,40.0,0,0,1,71,29064.0,470396.22,0
221434,5.34,29.4,40.0,0,0,1,71,9864.0,471382.63,0
222434,5.33,29.4,40.0,0,0,1,71,9864.0,472369.03,0
223434,5.32,29.4,40.0,0,0,1,71,9864.0,473355.44,0
224434,5.31,29.4,40.0,0,0,1,71,29064.0,476261.84,0
225434,5.30,29.5,40.0,0,0,1,71,9864.0,477248.25,0
226434,5.29,29.5,40.0,0,0,1,71,9864.0,478234.66,0
227434,5.28,29.5,40.0,0,0,1,71,9864.0,479221.06,0
228434,5.26,29.5,40.0,0,0,1,71,9864.0,480207.47,0
229434,5.25,29.5,40.0,0,0,1,72,29064.0,483113.88,0
230434,5.24,29.6,40.0,0,0,1,72,9864.0,484100.28,0
231434,5.23,29.6,40.0,0,0,1,72,9864.0,485086.69,0
232434,5.22,29.6,40.0,0,0,1,72,9864.0,486073.09,0
233434,5.21,29.6,40.0,0,0,1,72,9864.0,487059.50,0
234434,5.20,29.6,40.0,0,0,1,72,29064.0,489965.91,0
235434,5.19,29.7,40.0,0,0,1,72,9864.0,490952.31,0
236434,5.18,29.7,40.0,0,0,1,72,9864.0,491938.72,0
237434,5.17,29.7,40.0,0,0,1,72,9864.0,492925.13,0
238434,5.15,29.7,40.0,0,0,1,72,9864.0,493911.53,0
239434,5.14,29.7,40.0,0,0,1,72,9864.0,494897.94,0
240434,5.13,29.8,40.0,0,0,1,73,29064.0,497804.34,0
241434,5.12,29.8,40.0,0,0,1,73,9864.0,498790.75,0
242434,5.11,29.8,40.0,0,0,1,73,9864.0,499777.16,0
243434,5.10,29.8,40.0,0,0,1,73,9864.0,500763.56,0
244434,5.09,29.8,40.0,0,0,1,73,9864.0,501749.97,0
245434,5.08,29.9,40.0,0,0,1,73,9864.0,502736.38,0
246434,5.07,29.9,40.0,0,0,1,73,9864.0,503722.78,0
247434,5.06,29.9,40.0,0,0,1,73,29064.0,506629.19,0
248434,5.05,29.9,40.0,0,0,1,73,9864.0,507615.59,0
249434,5.03,29.9,40.0,0,0,1,73,9864.0,508602.00,0
250434,5.02,30.0,40.0,0,0,1,73,9864.0,509588.41,0
251434,5.01,30.0,40.0,0,0,1,73,9864.0,510574.81,0
252434,5.00,30.0,40.0,0,0,1,73,9864.0,511561.22,0
253434,4.99,30.0,40.0,0,0,1,73,9864.0,512547.63,0
254434,4.98,30.0,40.0,0,0,1,73,9864.0,513534.03,0
255434,4.97,30.1,40.0,0,0,1,73,9864.0,514520.44,0
256434,4.96,30.1,40.0,0,0,1,73,9864.0,515506.84,0
257434,4.95,30.1,40.0,0,0,1,73,9864.0,516493.25,0
258434,4.94,30.1,40.0,0,0,1,74,29064.0,519399.66,0
259434,4.93,30.1,40.0,0,0,1,74,9864.0,520386.06,0
260434,4.92,30.2,40.0,0,0,1,74,9864.0,521372.47,0
261434,4.91,30.2,40.0,0,0,1,74,9864.0,522358.88,0
262434,4.90,30.2,40.0,0,0,1,74,9864.0,523345.28,0
263434,4.89,30.2,40.0,0,0,1,74,9864.0,524331.69,0
264434,4.88,30.2,40.0,0,0,1,74,9864.0,525318.06,0
265434,4.87,30.3,40.0,0,0,1,74,9864.0,526304.44,0
266434,4.86,30.3,40.0,0,0,1,74,9864.0,527290.81,0
267434,4.85,30.3,40.0,0,0,1,74,9864.0,528277.19,0
268434,4.84,30.3,40.0,0,0,1,74,9864.0,529263.56,0
269434,4.84,30.3,40.0,0,0,1,74,9864.0,530249.94,0
270434,4.83,30.4,40.0,0,0,1,74,9864.0,531236.31,0
271434,4.82,30.4,40.0,0,0,1,74,9864.0,532222.69,0
272434,4.81,30.4,40.0,0,0,1,74,9864.0,533209.06,0
273434,4.80,30.4,40.0,0,0,1,74,9864.0,534195.44,0
274434,4.79,30.4,40.0,0,0,1,74,9864.0,535181.81,0
275434,4.79,30.5,40.0,0,0,1,74,9864.0,536168.19,0
276434,4.78,30.5,40.0,0,0,1,74,9864.0,537154.56,0
277434,4.77,30.5,40.0,0,0,1,74,9864.0,538140.94,0
278434,4.76,30.5,40.0,0,0,1,74,9864.0,539127.31,0
279434,4.76,30.5,40.0,0,0,1,74,9864.0,540113.69,0
280434,4.75,30.6,40.0,0,0,1,74,9864.0,541100.06,0
281434,4.74,30.6,40.0,0,0,1,74,9864.0,542086.44,0
282434,4.73,30.6,40.0,0,0,1,74,9864.0,543072.81,0
283434,4.73,30.6,40.0,0,0,1,74,9864.0,544059.19,0
284434,4.72,30.6,40.0,0,0,1,74,9864.0,545045.56,0
285434,4.71,30.7,40.0,0,0,1,74,9864.0,546031.94,0
286434,4.71,30.7,40.0,0,0,1,74,9864.0,547018.31,0
287434,4.70,30.7,40.0,0,0,1,74,9864.0,548004.69,0
290830,4.68,30.8,40.0,0,0,1,74,9864.0,551354.50,0
291830,4.68,30.8,40.0,0,0,1,74,9864.0,552340.88,0
292830,4.67,30.8,40.0,0,0,1,74,9864.0,553327.25,0
293830,4.67,30.8,40.0,0,0,1,74,9864.0,554313.63,0
294830,4.66,30.8,40.0,0,0,1,74,9864.0,555300.00,0
295830,4.66,30.9,40.0,0,0,1,74,9864.0,556286.38,0
296830,4.65,30.9,40.0,0,0,1,74,9864.0,557272.75,0
297830,4.65,30.9,40.0,0,0,1,74,9864.0,558259.13,0
298830,4.64,30.9,40.0,0,0,1,74,9864.0,559245.50,0
299830,4.64,30.9,40.0,0,0,1,74,9864.0,560231.88,0
300830,4.63,31.0,40.0,0,0,1,74,9864.0,561218.25,0
301830,4.63,31.0,40.0,0,0,1,74,9864.0,562204.63,0
302830,4.63,31.0,40.0,0,0,1,74,9864.0,563191.00,0
303830,4.62,31.0,40.0,0,0,1,74,9864.0,564177.38,0
304830,4.62,31.0,40.0,0,0,1,74,9864.0,565163.75,0
305830,4.61,31.1,40.0,0,0,1,74,9864.0,566150.13,0
306830,4.61,31.1,40.0,0,0,1,74,9864.0,567136.50,0
307830,4.61,31.1,40.0,0,0,1,74,9864.0,568122.88,0
308830,4.60,31.1,40.0,0,0,1,74,9864.0,569109.25,0
309830,4.60,31.1,40.0,0,0,1,74,9864.0,570095.63,0
310830,4.60,31.2,40.0,0,0,1,74,9864.0,571082.00,0
311830,4.59,31.2,40.0,0,0,1,74,9864.0,572068.38,0
312830,4.59,31.2,40.0,0,0,1,74,9864.0,573054.75,0
313830,4.59,31.2,40.0,0,0,1,74,9864.0,574041.13,0
314830,4.59,31.2,40.0,0,0,1,74,9864.0,575027.50,0
315830,4.58,31.3,40.0,0,0,1,74,9864.0,576013.88,0
316830,4.58,31.3,40.0,0,0,1,74,9864.0,577000.25,0
317830,4.58,31.3,40.0,0,0,1,74,9864.0,577986.63,0
318830,4.58,31.3,40.0,0,0,1,74,9864.0,578973.00,0
319830,4.57,31.3,40.0,0,0,1,74,9864.0,579959.38,0
320830,4.57,31.4,40.0,0,0,1,74,9864.0,580945.75,0
321830,4.57,31.4,40.0,0,0,1,74,9864.0,581932.13,0
322830,4.57,31.4,40.0,0,0,1,74,9864.0,582918.50,0
323830,4.57,31.4,40.0,0,0,1,74,9864.0,583904.88,0
324830,4.57,31.4,40.0,0,0,1,74,9864.0,584891.25,0
325830,4.57,31.5,40.0,0,0,1,74,9864.0,585877.63,0
326830,4.56,31.5,40.0,0,0,1,74,9864.0,586864.00,0
327830,4.56,31.5,40.0,0,0,1,74,9864.0,587850.38,0
328830,4.56,31.5,40.0,0,0,1,74,9864.0,588836.75,0
329830,4.56,31.5,40.0,0,0,1,74,9864.0,589823.13,0
330830,4.56,31.6,40.0,0,0,1,74,9864.0,590809.50,0
331830,4.56,31.6,40.0,0,0,1,74,9864.0,591795.88,0
332830,4.56,31.6,40.0,0,0,1,74,9864.0,592782.25,0
333830,4.56,31.6,40.0,0,0,1,74,9864.0,593768.63,0
334830,4.56,31.6,40.0,0,0,1,74,29064.0,596675.00,0
335830,4.56,31.7,40.0,0,0,1,74,9864.0,597661.38,0
336830,4.56,31.7,40.0,0,0,1,74,9864.0,598647.75,0
337830,4.56,31.7,40.0,0,0,1,74,9864.0,599634.13,0
338830,4.55,31.7,40.0,0,0,1,74,9864.0,600620.50,0
339830,4.55,31.7,40.0,0,0,1,74,9864.0,601606.88,0
340830,4.55,31.8,40.0,0,0,1,74,9864.0,602593.25,0
341830,4.55,31.8,40.0,0,0,1,74,9864.0,603579.63,0
342830,4.55,31.8,40.0,0,0,1,74,9864.0,604566.00,0
343830,4.55,31.8,40.0,0,0,1,74,9864.0,605552.38,0
344830,4.55,31.8,40.0,0,0,1,74,9864.0,606538.75,0
345830,4.55,31.9,40.0,0,0,1,74,9864.0,607525.13,0
346830,4.55,31.9,40.0,0,0,1,74,9864.0,608511.50,0
347830,4.55,31.9,40.0,0,0,1,74,9864.0,609497.88,0
348830,4.55,31.9,40.0,0,0,1,74,9864.0,610484.25,0
349830,4.55,31.9,40.0,0,0,1,74,9864.0,611470.63,0
350830,4.55,32.0,40.0,0,0,1,74,9864.0,612457.00,0
351830,4.55,32.0,40.0,0,0,1,74,9864.0,613443.38,0
352830,4.55,32.0,40.0,0,0,1,74,9864.0,614429.75,0
353830,4.56,32.0,40.0,0,0,1,74,9864.0,615416.13,0
354830,4.56,32.0,40.0,0,0,1,74,9864.0,616402.50,0
355830,4.56,32.1,40.0,0,0,1,74,9864.0,617388.88,0
356830,4.56,32.1,40.0,0,0,1,74,9864.0,618375.25,0
357830,4.56,32.1,40.0,0,0,1,74,9864.0,619361.63,0
358830,4.56,32.1,40.0,0,0,1,74,9864.0,620348.00,0
359830,4.56,32.1,40.0,0,0,1,74,9864.0,621334.38,0
360830,4.56,32.2,40.0,0,0,1,74,9864.0,622320.75,0
361830,4.57,32.2,40.0,0,0,1,74,9864.0,623307.13,0
362830,4.57,32.2,40.0,0,0,1,74,9864.0,624293.50,0
363830,4.57,32.2,40.0,0,0,1,74,9864.0,625279.88,0
364830,4.57,32.2,40.0,0,0,1,75,29064.0,628186.25,0
365830,4.57,32.3,40.0,0,0,1,75,9864.0,629172.63,0
366830,4.57,32.3,40.0,0,0,1,75,9864.0,630159.00,0
367830,4.57,32.3,40.0,0,0,1,75,9864.0,631145.38,0
368830,4.58,32.3,40.0,0,0,1,75,9864.0,632131.75,0
369830,4.58,32.3,40.0,0,0,1,75,9864.0,633118.13,0
370830,4.58,32.4,40.0,0,0,1,75,9864.0,634104.50,0
371830,4.58,32.4,40.0,0,0,1,75,9864.0,635090.88,0
372830,4.58,32.4,40.0,0,0,1,75,9864.0,636077.25,0
373830,4.58,32.4,40.0,0,0,1,75,9864.0,637063.63,0
374830,4.59,32.4,40.0,0,0,1,75,9864.0,638050.00,0
375830,4.59,32.5,40.0,0,0,1,75,9864.0,639036.38,0
376830,4.59,32.5,40.0,0,0,1,75,9864.0,640022.75,0
377830,4.59,32.5,40.0,0,0,1,75,9864.0,641009.13,0
378830,4.59,32.5,40.0,0,0,1,75,9864.0,641995.50,0
379830,4.60,32.5,40.0,0,0,1,75,29064.0,644901.88,0
380830,4.60,32.6,40.0,0,0,1,75,9864.0,645888.25,0
381830,4.60,32.6,40.0,0,0,1,75,9864.0,646874.63,0
382830,4.60,32.6,40.0,0,0,1,75,9864.0,647861.00,0
383830,4.60,32.6,40.0,0,0,1,75,9864.0,648847.38,0
384830,4.61,32.6,40.0,0,0,1,75,9864.0,649833.75,0
385830,4.61,32.7,40.0,0,0,1,75,9864.0,650820.13,0
386830,4.61,32.7,40.0,0,0,1,75,9864.0,651806.50,0
387830,4.61,32.7,40.0,0,0,1,75,9864.0,652792.88,0
388830,4.61,32.7,40.0,0,0,1,75,9864.0,653779.25,0
389830,4.62,32.7,40.0,0,0,1,75,9864.0,654765.63,0
390830,4.62,32.8,40.0,0,0,1,75,9864.0,655752.00,0
391830,4.62,32.8,40.0,0,0,1,76,29064.0,658658.38,0
392830,4.62,32.8,40.0,0,0,1,76,9864.0,659644.75,0
393830,4.62,32.8,40.0,0,0,1,76,9864.0,660631.13,0
394830,4.63,32.8,40.0,0,0,1,76,9864.0,661617.50,0
395830,4.63,32.9,40.0,0,0,1,76,9864.0,662603.88,0
396830,4.63,32.9,40.0,0,0,1,76,9864.0,663590.25,0
397830,4.63,32.9,40.0,0,0,1,76,9864.0,664576.63,0
398830,4.64,32.9,40.0,0,0,1,76,9864.0,665563.00,0
399830,4.64,32.9,40.0,0,0,1,76,9864.0,666549.38,0
400830,4.64,33.0,40.0,0,0,1,76,9864.0,667535.75,0
401830,4.64,33.0,40.0,0,0,1,76,29064.0,670442.13,0
402830,4.64,33.0,40.0,0,0,1,76,9864.0,671428.50,0
403830,4.65,33.0,40.0,0,0,1,76,9864.0,672414.88,0
404830,4.65,33.0,40.0,0,0,1,76,9864.0,673401.25,0
405830,4.65,33.1,40.0,0,0,1,76,9864.0,674387.63,0
406830,4.65,33.1,40.0,0,0,1,76,9864.0,675374.00,0
407830,4.65,33.1,40.0,0,0,1,76,9864.0,676360.38,0
408830,4.66,33.1,40.0,0,0,1,76,9864.0,677346.75,0
409830,4.66,33.1,40.0,0,0,1,76,9864.0,678333.13,0
410830,4.66,33.2,40.0,0,0,1,77,29064.0,681239.50,0
411830,4.66,33.2,40.0,0,0,1,77,9864.0,682225.88,0
412830,4.66,33.2,40.0,0,0,1,77,9864.0,683212.25,0
413830,4.67,33.2,40.0,0,0,1,77,9864.0,684198.63,0
414830,4.67,33.2,40.0,0,0,1,77,9864.0,685185.00,0
415830,4.67,33.3,40.0,0,0,1,77,9864.0,686171.38,0
416830,4.67,33.3,40.0,0,0,1,77,9864.0,687157.75,0
417830,4.67,33.3,40.0,0,0,1,77,9864.0,688144.13,0
418830,4.68,33.3,40.0,0,0,1,77,9864.0,689130.50,0
419830,4.68,33.3,40.0,0,0,1,77,29064.0,692036.88,0
420830,4.68,33.4,40.0,0,0,1,77,9864.0,693023.25,0
421830,4.68,33.4,40.0,0,0,1,77,9864.0,694009.63,0
422830,4.68,33.4,40.0,0,0,1,77,9864.0,694996.00,0
423830,4.68,33.4,40.0,0,0,1,77,9864.0,695982.38,0
424830,4.69,33.4,40.0,0,0,1,77,9864.0,696968.75,0
425830,4.69,33.5,40.0,0,0,1,77,9864.0,697955.13,0
426830,4.69,33.5,40.0,0,0,1,77,9864.0,698941.50,0
427830,4.69,33.5,40.0,0,0,1,78,29064.0,701847.88,0
428830,4.69,33.5,40.0,0,0,1,78,9864.0,702834.25,0
429830,4.70,33.5,40.0,0,0,1,78,9864.0,703820.63,0
430830,4.70,33.6,40.0,0,0,1,78,9864.0,704807.00,0
431830,4.70,33.6,40.0,0,0,1,78,9864.0,705793.38,0
432830,4.70,33.6,40.0,0,0,1,78,9864.0,706779.75,0
433830,4.70,33.6,40.0,0,0,1,78,9864.0,707766.13,0
434830,4.70,33.6,40.0,0,0,1,78,9864.0,708752.50,0
435830,4.71,33.7,40.0,0,0,1,78,29064.0,711658.88,0
436830,4.71,33.7,40.0,0,0,1,78,9864.0,712645.25,0
437830,4.71,33.7,40.0,0,0,1,78,9864.0,713631.63,0
438830,4.71,33.7,40.0,0,0,1,78,9864.0,714618.00,0
439830,4.71,33.7,40.0,0,0,1,78,9864.0,715604.38,0
440830,4.71,33.8,40.0,0,0,1,78,9864.0,716590.75,0
441830,4.71,33.8,40.0,0,0,1,78,9864.0,717577.13,0
442830,4.71,33.8,40.0,0,0,1,78,9864.0,718563.50,0
443830,4.72,33.8,40.0,0,0,1,79,29064.0,721469.88,0
444830,4.72,33.8,40.0,0,0,1,79,9864.0,722456.25,0
445830,4.72,33.9,40.0,0,0,1,79,9864.0,723442.63,0
446830,4.72,33.9,40.0,0,0,1,79,9864.0,724429.00,0
447830,4.72,33.9,40.0,0,0,1,79,9864.0,725415.38,0
448830,4.72,33.9,40.0,0,0,1,79,9864.0,726401.75,0
449830,4.72,33.9,40.0,0,0,1,79,9864.0,727388.13,0
450830,4.72,34.0,40.0,0,0,1,79,9864.0,728374.50,0
451830,4.73,34.0,40.0,0,0,1,79,29064.0,731280.88,0
452830,4.73,34.0,40.0,0,0,1,79,9864.0,732267.25,0
453830,4.73,34.0,40.0,0,0,1,79,9864.0,733253.63,0
454830,4.73,34.0,40.0,0,0,1,79,9864.0,734240.00,0
455830,4.73,34.1,40.0,0,0,1,79,9864.0,735226.38,0
456830,4.73,34.1,40.0,0,0,1,79,9864.0,736212.75,0
457830,4.73,34.1,40.0,0,0,1,79,9864.0,737199.13,0
458830,4.73,34.1,40.0,0,0,1,79,9864.0,738185.50,0
459830,4.73,34.1,40.0,0,0,1,80,29064.0,741091.88,0
460830,4.73,34.2,40.0,0,0,1,80,9864.0,742078.25,0
461830,4.74,34.2,40.0,0,0,1,80,9864.0,743064.63,0
462830,4.74,34.2,40.0,0,0,1,80,9864.0,744051.00,0
463830,4.74,34.2,40.0,0,0,1,80,9864.0,745037.38,0
464830,4.74,34.2,40.0,0,0,1,80,9864.0,746023.75,0
465830,4.74,34.3,40.0,0,0,1,80,9864.0,747010.13,0
466830,4.74,34.3,40.0,0,0,1,80,29064.0,749916.50,0
467830,4.74,34.3,40.0,0,0,1,80,9864.0,750902.88,0
468830,4.74,34.3,40.0,0,0,1,80,9864.0,751889.25,0
469830,4.74,34.3,40.0,0,0,1,80,9864.0,752875.63,0
470830,4.74,34.4,40.0,0,0,1,80,9864.0,753862.00,0
471830,4.74,34.4,40.0,0,0,1,80,9864.0,754848.38,0
472830,4.74,34.4,40.0,0,0,1,80,9864.0,755834.75,0
473830,4.74,34.4,40.0,0,0,1,80,9864.0,756821.13,0
474830,4.74,34.4,40.0,0,0,1,81,29064.0,759727.50,0
475830,4.74,34.5,40.0,0,0,1,81,9864.0,760713.88,0
476830,4.75,34.5,40.0,0,0,1,81,9864.0,761700.25,0
477830,4.75,34.5,40.0,0,0,1,81,9864.0,762686.63,0
478830,4.75,34.5,40.0,0,0,1,81,9864.0,763673.00,0
479830,4.75,34.5,40.0,0,0,1,81,9864.0,764659.38,0
480830,4.75,34.6,40.0,0,0,1,81,9864.0,765645.75,0
481830,4.75,34.6,40.0,0,0,1,81,9864.0,766632.13,0
482830,4.75,34.6,40.0,0,0,1,81,29064.0,769538.50,0
483830,4.75,34.6,40.0,0,0,1,81,9864.0,770524.88,0
484830,4.75,34.6,40.0,0,0,1,81,9864.0,771511.25,0
485830,4.75,34.7,40.0,0,0,1,81,9864.0,772497.63,0
486830,4.75,34.7,40.0,0,0,1,81,9864.0,773484.00,0
487830,4.75,34.7,40.0,0,0,1,81,9864.0,774470.38,0
488830,4.75,34.7,40.0,0,0,1,81,9864.0,775456.75,0
489830,4.75,34.7,40.0,0,0,1,81,9864.0,776443.13,0
490830,4.75,34.8,40.0,0,0,1,82,29064.0,779349.50,0
491830,4.75,34.8,40.0,0,0,1,82,9864.0,780335.88,0
492830,4.75,34.8,40.0,0,0,1,82,9864.0,781322.25,0
493830,4.75,34.8,40.0,0,0,1,82,9864.0,782308.63,0
494830,4.75,34.8,40.0,0,0,1,82,9864.0,783295.00,0
495830,4.75,34.9,40.0,0,0,1,82,9864.0,784281.38,0
496830,4.75,34.9,40.0,0,0,1,82,9864.0,785267.75,0
497830,4.75,34.9,40.0,0,0,1,82,29064.0,788174.13,0
498830,4.75,34.9,40.0,0,0,1,82,9864.0,789160.50,0
499830,4.75,34.9,40.0,0,0,1,82,9864.0,790146.88,0
500830,4.75,35.0,40.0,0,0,1,82,9864.0,791133.25,0
501830,4.75,35.0,40.0,0,0,1,82,9864.0,792119.63,0
502830,4.75,35.0,40.0,0,0,1,82,9864.0,793106.00,0
503830,4.75,35.0,40.0,0,0,1,82,9864.0,794092.38,0
504830,4.75,35.0,40.0,0,0,1,82,9864.0,795078.75,0
505830,4.75,35.1,40.0,0,0,1,83,29064.0,797985.13,0
506830,4.75,35.1,40.0,0,0,1,83,9864.0,798971.50,0
507830,4.75,35.1,40.0,0,0,1,83,9864.0,799957.88,0
508830,4.75,35.1,40.0,0,0,1,83,9864.0,800944.25,0
509830,4.75,35.1,40.0,0,0,1,83,9864.0,801930.63,0
510830,4.75,35.2,40.0,0,0,1,83,9864.0,802917.00,0
511830,4.75,35.2,40.0,0,0,1,83,9864.0,803903.38,0
512830,4.75,35.2,40.0,0,0,1,83,9864.0,804889.75,0
513830,4.75,35.2,40.0,0,0,1,83,9864.0,805876.13,0
514830,4.75,35.2,40.0,0,0,1,83,29064.0,808782.50,0
515830,4.75,35.3,40.0,0,0,1,83,9864.0,809768.88,0
516830,4.75,35.3,40.0,0,0,1,83,9864.0,810755.25,0
517830,4.75,35.3,40.0,0,0,1,83,9864.0,811741.63,0
518830,4.75,35.3,40.0,0,0,1,83,9864.0,812728.00,0
520222,4.75,35.3,40.0,0,0,1,83,9864.0,814101.06,0
521222,4.75,35.4,40.0,0,0,1,83,9864.0,815087.44,0
522222,4.75,35.4,40.0,0,0,1,83,9864.0,816073.81,0
523222,4.75,35.4,40.0,0,0,1,84,29064.0,818980.19,0
524222,4.75,35.4,40.0,0,0,1,84,9864.0,819966.56,0
525222,4.75,35.4,40.0,0,0,1,84,9864.0,820952.94,0
526222,4.75,35.5,40.0,0,0,1,84,9864.0,821939.31,0
527222,4.75,35.5,40.0,0,0,1,84,9864.0,822925.69,0
528222,4.75,35.5,40.0,0,0,1,84,9864.0,823912.06,0
529222,4.75,35.5,40.0,0,0,1,84,9864.0,824898.44,0
530222,4.75,35.5,40.0,0,0,1,84,9864.0,825884.81,0
531222,4.75,35.6,40.0,0,0,1,84,29064.0,828791.19,0
532222,4.75,35.6,40.0,0,0,1,84,9864.0,829777.56,0
533222,4.74,35.6,40.0,0,0,1,84,9864.0,830763.94,0
534222,4.74,35.6,40.0,0,0,1,84,9864.0,831750.31,0
535222,4.74,35.6,40.0,0,0,1,84,9864.0,832736.69,0
536222,4.74,35.7,40.0,0,0,1,84,9864.0,833723.06,0
537222,4.74,35.7,40.0,0,0,1,84,9864.0,834709.44,0
538222,4.74,35.7,40.0,0,0,1,84,9864.0,835695.81,0
539222,4.74,35.7,40.0,0,0,1,84,9864.0,836682.19,0
540222,4.74,35.7,40.0,0,0,1,85,29064.0,839588.56,0
541222,4.74,35.8,40.0,0,0,1,85,9864.0,840574.94,0
542222,4.74,35.8,40.0,0,0,1,85,9864.0,841561.31,0
543222,4.74,35.8,40.0,0,0,1,85,9864.0,842547.69,0
544222,4.74,35.8,40.0,0,0,1,85,9864.0,843534.06,0
545222,4.74,35.8,40.0,0,0,1,85,9864.0,844520.44,0
546222,4.74,35.9,40.0,0,0,1,85,9864.0,845506.81,0
547222,4.74,35.9,40.0,0,0,1,85,9864.0,846493.19,0
548222,4.74,35.9,40.0,0,0,1,85,9864.0,847479.56,0
549222,4.74,35.9,40.0,0,0,1,85,29064.0,850385.94,0
550222,4.74,35.9,40.0,0,0,1,85,9864.0,851372.31,0
551222,4.74,36.0,40.0,0,0,1,85,9864.0,852358.69,0
552222,4.74,36.0,40.0,0,0,1,85,9864.0,853345.06,0
553222,4.74,36.0,40.0,0,0,1,85,9864.0,854331.44,0
554222,4.74,36.0,40.0,0,0,1,85,9864.0,855317.81,0
555222,4.74,36.0,40.0,0,0,1,85,9864.0,856304.19,0
556222,4.74,36.1,40.0,0,0,1,85,9864.0,857290.56,0
557222,4.74,36.1,40.0,0,0,1,86,29064.0,860196.94,0
558222,4.74,36.1,40.0,0,0,1,86,9864.0,861183.31,0
559222,4.73,36.1,40.0,0,0,1,86,9864.0,862169.69,0
560222,4.73,36.1,40.0,0,0,1,86,9864.0,863156.06,0
561222,4.73,36.2,40.0,0,0,1,86,9864.0,864142.44,0
562222,4.73,36.2,40.0,0,0,1,86,9864.0,865128.81,0
563222,4.73,36.2,40.0,0,0,1,86,9864.0,866115.19,0
564222,4.73,36.2,40.0,0,0,1,86,9864.0,867101.56,0
565222,4.73,36.2,40.0,0,0,1,86,9864.0,868087.94,0
566222,4.73,36.3,40.0,0,0,1,86,29064.0,870994.31,0
567222,4.73,36.3,40.0,0,0,1,86,9864.0,871980.69,0
568222,4.73,36.3,40.0,0,0,1,86,9864.0,872967.06,0
569222,4.73,36.3,40.0,0,0,1,86,9864.0,873953.44,0
570222,4.73,36.3,40.0,0,0,1,86,9864.0,874939.81,0
571222,4.73,36.4,40.0,0,0,1,86,9864.0,875926.19,0
572222,4.73,36.4,40.0,0,0,1,86,9864.0,876912.56,0
573222,4.73,36.4,40.0,0,0,1,86,9864.0,877898.94,0
574222,4.73,36.4,40.0,0,0,1,86,9864.0,878885.31,0
575222,4.73,36.4,40.0,0,0,1,86,9864.0,879871.69,0
576222,4.73,36.5,40.0,0,0,1,87,29064.0,882778.06,0
577222,4.73,36.5,40.0,0,0,1,87,9864.0,883764.44,0
578222,4.73,36.5,40.0,0,0,1,87,9864.0,884750.81,0
579222,4.73,36.5,40.0,0,0,1,87,9864.0,885737.19,0
580222,4.73,36.5,40.0,0,0,1,87,9864.0,886723.56,0
581222,4.72,36.6,40.0,0,0,1,87,9864.0,887709.94,0
582222,4.72,36.6,40.0,0,0,1,87,9864.0,888696.31,0
583222,4.72,36.6,40.0,0,0,1,87,9864.0,889682.69,0
584222,4.72,36.6,40.0,0,0,1,87,9864.0,890669.06,0
585222,4.72,36.6,40.0,0,0,1,87,29064.0,893575.44,0
586222,4.72,36.7,40.0,0,0,1,87,9864.0,894561.81,0
587222,4.72,36.7,40.0,0,0,1,87,9864.0,895548.19,0
588222,4.72,36.7,40.0,0,0,1,87,9864.0,896534.56,0
589222,4.72,36.7,40.0,0,0,1,87,9864.0,897520.94,0
590222,4.72,36.7,40.0,0,0,1,87,9864.0,898507.31,0
591222,4.72,36.8,40.0,0,0,1,87,9864.0,899493.69,0
592222,4.72,36.8,40.0,0,0,1,87,9864.0,900480.06,0
593222,4.72,36.8,40.0,0,0,1,87,9864.0,901466.44,0
594222,4.72,36.8,40.0,0,0,1,88,29064.0,904372.81,0
595222,4.72,36.8,40.0,0,0,1,88,9864.0,905359.19,0
596222,4.72,36.9,40.0,0,0,1,88,9864.0,906345.56,0
597222,4.72,36.9,40.0,0,0,1,88,9864.0,907331.94,0
598222,4.72,36.9,40.0,0,0,1,88,9864.0,908318.31,0
599222,4.72,36.9,40.0,0,0,1,88,9864.0,909304.69,0
600222,4.72,36.9,40.0,0,0,1,88,9864.0,910291.06,0
601222,4.72,37.0,40.0,0,0,1,88,9864.0,911277.44,0
602222,4.72,37.0,40.0,0,0,1,88,9864.0,912263.81,0
603222,4.72,37.0,40.0,0,0,1,88,9864.0,913250.19,0
604222,4.72,37.0,40.0,0,0,1,88,29064.0,916156.56,0
605222,4.72,37.0,40.0,0,0,1,88,9864.0,917142.94,0
606222,4.72,37.1,40.0,0,0,1,88,9864.0,918129.31,0
607222,4.72,37.1,40.0,0,0,1,88,9864.0,919115.69,0
608222,4.72,37.1,40.0,0,0,1,88,9864.0,920102.06,0
609222,4.72,37.1,40.0,0,0,1,88,9864.0,921088.44,0
610222,4.72,37.1,40.0,0,0,1,88,9864.0,922074.81,0
611222,4.72,37.2,40.0,0,0,1,88,9864.0,923061.19,0
612222,4.72,37.2,40.0,0,0,1,88,9864.0,924047.56,0
613222,4.72,37.2,40.0,0,0,1,88,9864.0,925033.94,0
614222,4.72,37.2,40.0,0,0,1,89,29064.0,927940.31,0
615222,4.72,37.2,40.0,0,0,1,89,9864.0,928926.69,0
616222,4.72,37.3,40.0,0,0,1,89,9864.0,929913.06,0
617222,4.72,37.3,40.0,0,0,1,89,9864.0,930899.44,0
618222,4.71,37.3,40.0,0,0,1,89,9864.0,931885.81,0
619222,4.71,37.3,40.0,0,0,1,89,9864.0,932872.19,0
620222,4.71,37.3,40.0,0,0,1,89,9864.0,933858.56,0
621222,4.71,37.4,40.0,0,0,1,89,9864.0,934844.94,0
622222,4.71,37.4,40.0,0,0,1,89,9864.0,935831.31,0
623222,4.72,37.4,40.0,0,0,1,89,29064.0,938737.69,0
624222,4.71,37.4,40.0,0,0,1,89,9864.0,939724.06,0
625222,4.71,37.4,40.0,0,0,1,89,9864.0,940710.44,0
626222,4.71,37.5,40.0,0,0,1,89,9864.0,941696.81,0
627222,4.71,37.5,40.0,0,0,1,89,9864.0,942683.19,0
628222,4.71,37.5,40.0,0,0,1,89,9864.0,943669.56,0
629222,4.71,37.5,40.0,0,0,1,89,9864.0,944655.94,0
630222,4.71,37.5,40.0,0,0,1,89,9864.0,945642.31,0
631222,4.71,37.6,40.0,0,0,1,89,9864.0,946628.69,0
632222,4.71,37.6,40.0,0,0,1,89,9864.0,947615.06,0
633222,4.71,37.6,40.0,0,0,1,90,29064.0,950521.44,0
634222,4.71,37.6,40.0,0,0,1,90,9864.0,951507.81,0
635222,4.71,37.6,40.0,0,0,1,90,9864.0,952494.19,0
636222,4.71,37.7,40.0,0,0,1,90,9864.0,953480.56,0
637222,4.71,37.7,40.0,0,0,1,90,9864.0,954466.94,0
638222,4.71,37.7,40.0,0,0,1,90,9864.0,955453.31,0
639222,4.71,37.7,40.0,0,0,1,90,9864.0,956439.69,0
640222,4.71,37.7,40.0,0,0,1,90,9864.0,957426.06,0
641222,4.71,37.8,40.0,0,0,1,90,9864.0,958412.44,0
642222,4.71,37.8,40.0,0,0,1,90,29064.0,961318.81,0
643222,4.71,37.8,40.0,0,0,1,90,9864.0,962305.19,0
644222,4.71,37.8,40.0,0,0,1,90,9864.0,963291.56,0
645222,4.71,37.8,40.0,0,0,1,90,9864.0,964277.94,0
646222,4.71,37.9,40.0,0,0,1,90,9864.0,965264.31,0
647222,4.71,37.9,40.0,0,0,1,90,9864.0,966250.69,0
648222,4.71,37.9,40.0,0,0,1,90,9864.0,967237.06,0
649222,4.71,37.9,40.0,0,0,1,90,9864.0,968223.44,0
650222,4.71,37.9,40.0,0,0,1,90,9864.0,969209.81,0
651222,4.71,38.0,40.0,0,0,1,90,9864.0,970196.19,0
652222,4.71,38.0,40.0,0,0,1,91,29064.0,973102.56,0
653222,4.71,38.0,40.0,0,0,1,91,9864.0,974088.94,0
654222,4.71,38.0,40.0,0,0,1,91,9864.0,975075.31,0
655222,4.71,38.0,40.0,0,0,1,91,9864.0,976061.69,0
656222,4.71,38.1,40.0,0,0,1,91,9864.0,977048.06,0
657222,4.71,38.1,40.0,0,0,1,91,9864.0,978034.44,0
658222,4.71,38.1,40.0,0,0,1,91,9864.0,979020.81,0
659222,4.71,38.1,40.0,0,0,1,91,9864.0,980007.19,0
660222,4.71,38.1,40.0,0,0,1,91,9864.0,980993.56,0
661222,4.71,38.2,40.0,0,0,1,91,29064.0,983899.94,0
662222,4.71,38.2,40.0,0,0,1,91,9864.0,984886.31,0
663222,4.71,38.2,40.0,0,0,1,91,9864.0,985872.69,0
664222,4.71,38.2,40.0,0,0,1,91,9864.0,986859.06,0
665222,4.71,38.2,40.0,0,0,1,91,9864.0,987845.44,0
666222,4.71,38.3,40.0,0,0,1,91,9864.0,988831.81,0
667222,4.71,38.3,40.0,0,0,1,91,9864.0,989818.19,0
668222,4.71,38.3,40.0,0,0,1,91,9864.0,990804.56,0
669222,4.71,38.3,40.0,0,0,1,91,9864.0,991790.94,0
670222,4.71,38.3,40.0,0,0,1,92,29064.0,994697.31,0
671222,4.71,38.4,40.0,0,0,1,92,9864.0,995683.69,0
672222,4.71,38.4,40.0,0,0,1,92,9864.0,996670.06,0
673222,4.71,38.4,40.0,0,0,1,92,9864.0,997656.44,0
674222,4.71,38.4,40.0,0,0,1,92,9864.0,998642.81,0
675222,4.71,38.4,40.0,0,0,1,92,9864.0,999629.19,0
676222,4.71,38.5,40.0,0,0,1,92,9864.0,1000615.56,0
677222,4.71,38.5,40.0,0,0,1,92,9864.0,1001601.94,0
678222,4.71,38.5,40.0,0,0,1,92,9864.0,1002588.31,0
679222,4.71,38.5,40.0,0,0,1,92,9864.0,1003574.69,0
680222,4.71,38.5,40.0,0,0,1,92,29064.0,1006481.06,0
681222,4.71,38.6,40.0,0,0,1,92,9864.0,1007467.44,0
682222,4.71,38.6,40.0,0,0,1,92,9864.0,1008453.81,0
683222,4.71,38.6,40.0,0,0,1,92,9864.0,1009440.19,0
684222,4.71,38.6,40.0,0,0,1,92,9864.0,1010426.56,0
685222,4.71,38.6,40.0,0,0,1,92,9864.0,1011412.94,0
686222,4.71,38.7,40.0,0,0,1,92,9864.0,1012399.31,0
687222,4.71,38.7,40.0,0,0,1,92,9864.0,1013385.69,0
688222,4.71,38.7,40.0,0,0,1,92,9864.0,1014372.06,0
689222,4.71,38.7,40.0,0,0,1,93,29064.0,1017278.44,0
690222,4.71,38.7,40.0,0,0,1,93,9864.0,1018264.81,0
691222,4.71,38.8,40.0,0,0,1,93,9864.0,1019251.19,0
692222,4.71,38.8,40.0,0,0,1,93,9864.0,1020237.56,0
693222,4.71,38.8,40.0,0,0,1,93,9864.0,1021223.94,0
694222,4.71,38.8,40.0,0,0,1,93,9864.0,1022210.31,0
695222,4.71,38.8,40.0,0,0,1,93,9864.0,1023196.69,0
696222,4.71,38.9,40.0,0,0,1,93,9864.0,1024183.06,0
697222,4.71,38.9,40.0,0,0,1,93,9864.0,1025169.44,0
698222,4.71,38.9,40.0,0,0,1,93,29064.0,1028075.81,0
699222,4.71,38.9,40.0,0,0,1,93,9864.0,1029062.19,0
700222,4.71,38.9,40.0,0,0,1,93,9864.0,1030048.56,0
701222,4.71,39.0,40.0,0,0,1,93,9864.0,1031034.94,0
702222,4.71,39.0,40.0,0,0,1,93,9864.0,1032021.31,0
703222,4.71,39.0,40.0,0,0,1,93,9864.0,1033007.69,0
704222,4.71,39.0,40.0,0,0,1,93,9864.0,1033994.06,0
705222,4.71,39.0,40.0,0,0,1,93,9864.0,1034980.44,0
706222,4.71,39.1,40.0,0,0,1,93,9864.0,1035966.81,0
707222,4.71,39.1,40.0,0,0,1,93,9864.0,1036953.19,0
708222,4.71,39.1,40.0,0,0,1,94,29064.0,1039859.56,0
709222,4.71,39.1,40.0,0,0,1,94,9864.0,1040845.94,0
710222,4.71,39.1,40.0,0,0,1,94,9864.0,1041832.31,0
711222,4.71,39.2,40.0,0,0,1,94,9864.0,1042818.69,0
712222,4.71,39.2,40.0,0,0,1,94,9864.0,1043805.06,0
713222,4.71,39.2,40.0,0,0,1,94,9864.0,1044791.44,0
714222,4.71,39.2,40.0,0,0,1,94,9864.0,1045777.81,0
715222,4.71,39.2,40.0,0,0,1,94,9864.0,1046764.19,0
716222,4.72,39.3,40.0,0,0,1,94,9864.0,1047750.56,0
717222,4.72,39.3,40.0,0,0,1,94,29064.0,1050657.00,0
718222,4.72,39.3,40.0,0,0,1,94,9864.0,1051643.37,0
719222,4.72,39.3,40.0,0,0,1,94,9864.0,1052629.75,0
720222,4.71,39.3,40.0,0,0,1,94,9864.0,1053616.12,0
721222,4.71,39.4,40.0,0,0,1,94,9864.0,1054602.50,0
722222,4.72,39.4,40.0,0,0,1,94,9864.0,1055588.87,0
723222,4.72,39.4,40.0,0,0,1,94,9864.0,1056575.25,0
724222,4.72,39.4,40.0,0,0,1,94,9864.0,1057561.62,0
725222,4.72,39.4,40.0,0,0,1,94,9864.0,1058548.00,0
726222,4.72,39.5,40.0,0,0,1,95,29064.0,1061454.37,0
727222,4.72,39.5,40.0,0,0,1,95,9864.0,1062440.75,0
728222,4.72,39.5,40.0,0,0,1,95,9864.0,1063427.12,0
729222,4.72,39.5,40.0,0,0,1,95,9864.0,1064413.50,0
730222,4.72,39.5,40.0,0,0,1,95,9864.0,1065399.87,0
731222,4.72,39.6,40.0,0,0,1,95,9864.0,1066386.25,0
732222,4.72,39.6,40.0,0,0,1,95,9864.0,1067372.62,0
733222,4.72,39.6,40.0,0,0,1,95,9864.0,1068359.00,0
734222,4.72,39.6,40.0,0,0,1,95,9864.0,1069345.37,0
735222,4.72,39.6,40.0,0,0,1,95,29064.0,1072251.75,0
736222,4.72,39.7,40.0,0,0,1,95,9864.0,1073238.12,0
737222,4.72,39.7,40.0,0,0,1,95,9864.0,1074224.50,0
738222,4.72,39.7,40.0,0,0,1,95,9864.0,1075210.87,0
739222,4.72,39.7,40.0,0,0,1,95,9864.0,1076197.25,0
740222,4.72,39.7,40.0,0,0,1,95,9864.0,1077183.62,0
741222,4.72,39.8,40.0,0,0,1,95,9864.0,1078170.00,0
742222,4.72,39.8,40.0,0,0,1,95,9864.0,1079156.37,0
743222,4.72,39.8,40.0,0,0,1,95,9864.0,1080142.75,0
744222,4.72,39.8,40.0,0,0,1,96,29064.0,1083049.12,0
745222,4.72,39.8,40.0,0,0,1,96,9864.0,1084035.50,0
746222,4.72,39.9,40.0,0,0,1,96,9864.0,1085021.87,0
747222,4.72,39.9,40.0,0,0,1,96,9864.0,1086008.25,0
748222,4.72,39.9,40.0,0,0,1,96,9864.0,1086994.62,0
749222,4.72,39.9,40.0,0,0,1,96,9864.0,1087981.00,0
750222,4.72,39.9,40.0,0,0,1,96,9864.0,1088967.37,0
751222,4.72,40.0,40.0,0,0,1,96,9864.0,1089953.75,0
752222,4.72,40.0,40.0,0,0,1,96,9864.0,1090940.12,0
753222,4.72,40.0,40.0,0,0,1,96,9864.0,1091926.50,0
754222,4.72,40.0,40.0,0,0,1,96,29064.0,1094832.87,0
755222,4.72,40.0,40.0,0,0,1,96,9864.0,1095819.25,0
756222,4.72,40.1,40.0,0,0,1,96,9864.0,1096805.62,0
757222,4.72,40.1,40.0,0,0,1,96,9864.0,1097792.00,0
758222,4.72,40.1,40.0,0,0,1,96,9864.0,1098778.37,0
759222,4.72,40.1,40.0,0,0,1,96,9864.0,1099764.75,0
760222,4.72,40.1,40.0,0,0,1,96,9864.0,1100751.12,0
761222,4.72,40.2,40.0,0,0,1,96,9864.0,1101737.50,0
762222,4.72,40.2,40.0,0,0,1,96,9864.0,1102723.87,0
763222,4.72,40.2,40.0,0,0,1,97,29064.0,1105630.25,0
764222,4.72,40.2,40.0,0,0,1,97,9864.0,1106616.62,0
765222,4.72,40.2,40.0,0,0,1,97,9864.0,1107603.00,0
766222,4.72,40.3,40.0,0,0,1,97,9864.0,1108589.37,0
767222,4.72,40.3,40.0,0,0,1,97,9864.0,1109575.75,0
768222,4.72,40.3,40.0,0,0,1,97,9864.0,1110562.12,0
769222,4.72,40.3,40.0,0,0,1,97,9864.0,1111548.50,0
770222,4.72,40.3,40.0,0,0,1,97,9864.0,1112534.87,0
771222,4.72,40.4,40.0,0,0,1,97,9864.0,1113521.25,0
772222,4.72,40.4,40.0,0,0,1,97,29064.0,1116427.62,0
773222,4.72,40.4,40.0,0,0,1,97,9864.0,1117414.00,0
774222,4.72,40.4,40.0,0,0,1,97,9864.0,1118400.37,0
775222,4.72,40.4,40.0,0,0,1,97,9864.0,1119386.75,0
776222,4.72,40.5,40.0,0,0,1,97,9864.0,1120373.12,0
777222,4.72,40.5,40.0,0,0,1,97,9864.0,1121359.50,0
778222,4.72,40.5,40.0,0,0,1,97,9864.0,1122345.87,0
779222,4.72,40.5,40.0,0,0,1,97,9864.0,1123332.25,0
780222,4.72,40.5,40.0,0,0,1,97,9864.0,1124318.62,0
781222,4.72,40.6,40.0,0,0,1,98,29064.0,1127225.00,0
782222,4.72,40.6,40.0,0,0,1,98,9864.0,1128211.37,0
783222,4.72,40.6,40.0,0,0,1,98,9864.0,1129197.75,0
784222,4.72,40.6,40.0,0,0,1,98,9864.0,1130184.12,0
785222,4.72,40.6,40.0,0,0,1,98,9864.0,1131170.50,0
786222,4.72,40.7,40.0,0,0,1,98,9864.0,1132156.87,0
787222,4.72,40.7,40.0,0,0,1,98,9864.0,1133143.25,0
788222,4.72,40.7,40.0,0,0,1,98,9864.0,1134129.62,0
789222,4.72,40.7,40.0,0,0,1,98,9864.0,1135116.00,0
790222,4.72,40.7,40.0,0,0,1,98,29064.0,1138022.37,0
791222,4.72,40.8,40.0,0,0,1,98,9864.0,1139008.75,0
792222,4.72,40.8,40.0,0,0,1,98,9864.0,1139995.12,0
793222,4.72,40.8,40.0,0,0,1,98,9864.0,1140981.50,0
794222,4.72,40.8,40.0,0,0,1,98,9864.0,1141967.87,0
795222,4.72,40.8,40.0,0,0,1,98,9864.0,1142954.25,0
796222,4.72,40.9,40.0,0,0,1,98,9864.0,1143940.62,0
797222,4.72,40.9,40.0,0,0,1,98,9864.0,1144927.00,0
798222,4.72,40.9,40.0,0,0,1,98,9864.0,1145913.37,0
799222,4.72,40.9,40.0,0,0,1,99,29064.0,1148819.75,0
800222,4.72,40.9,40.0,0,0,1,99,9864.0,1149806.12,0
801222,4.72,41.0,40.0,0,0,1,99,9864.0,1150792.50,0
802222,4.72,41.0,40.0,0,0,1,99,9864.0,1151778.87,0
803222,4.72,41.0,40.0,0,0,1,99,9864.0,1152765.25,0
804222,4.72,41.0,40.0,0,0,1,99,9864.0,1153751.62,0
805222,4.72,41.0,40.0,0,0,1,99,9864.0,1154738.00,0
806222,4.72,41.1,40.0,0,0,1,99,9864.0,1155724.37,0
807222,4.72,41.1,40.0,0,0,1,99,9864.0,1156710.75,0
808222,4.72,41.1,40.0,0,0,1,99,29064.0,1159617.12,0
809222,4.72,41.1,40.0,0,0,1,99,9864.0,1160603.50,0
810222,4.72,41.1,40.0,0,0,1,99,9864.0,1161589.87,0
811222,4.72,41.2,40.0,0,0,1,99,9864.0,1162576.25,0
812222,4.72,41.2,40.0,0,0,1,99,9864.0,1163562.62,0
813222,4.72,41.2,40.0,0,0,1,99,9864.0,1164549.00,0
814222,4.72,41.2,40.0,0,0,1,99,9864.0,1165535.37,0
815222,4.72,41.2,40.0,0,0,1,99,9864.0,1166521.75,0
816222,4.72,41.3,40.0,0,0,1,99,9864.0,1167508.12,0
817222,4.72,41.3,40.0,0,0,1,100,29064.0,1170414.50,0
818222,4.72,41.3,40.0,0,0,1,100,9864.0,1171400.87,0
819222,4.72,41.3,40.0,0,0,1,100,9864.0,1172387.25,0
820222,4.72,41.3,40.0,0,0,1,100,9864.0,1173373.62,0
821222,4.72,41.4,40.0,0,0,1,100,9864.0,1174360.00,0
822222,4.72,41.4,40.0,0,0,1,100,9864.0,1175346.37,0
823222,4.72,41.4,40.0,0,0,1,100,9864.0,1176332.75,0
824222,4.72,41.4,40.0,0,0,1,100,9864.0,1177319.12,0
825222,4.72,41.4,40.0,0,0,1,100,9864.0,1178305.50,0
826222,4.72,41.5,40.0,0,0,1,100,9864.0,1179291.87,0
827222,4.72,41.5,40.0,0,0,1,100,9864.0,1180278.25,0
828222,4.72,41.5,40.0,0,0,1,100,9864.0,1181264.62,0
829222,4.72,41.5,40.0,0,0,1,100,9864.0,1182251.00,0
830222,4.72,41.5,40.0,0,0,1,100,9864.0,1183237.37,0
831222,4.72,41.6,40.0,0,0,1,100,9864.0,1184223.75,0
832222,4.72,41.6,40.0,0,0,1,100,9864.0,1185210.12,0
833222,4.73,41.6,40.0,0,0,1,100,9864.0,1186196.50,0
834222,4.73,41.6,40.0,0,0,1,100,9864.0,1187182.87,0
835222,4.73,41.6,40.0,0,0,1,100,9864.0,1188169.25,0
836222,4.73,41.7,40.0,0,0,1,100,9864.0,1189155.62,0
837222,4.73,41.7,40.0,0,0,1,100,9864.0,1190142.00,0
838222,4.73,41.7,40.0,0,0,1,100,9864.0,1191128.37,0
839222,4.73,41.7,40.0,0,0,1,100,9864.0,1192114.75,0
840222,4.74,41.7,40.0,0,0,1,100,9864.0,1193101.12,0
841222,4.74,41.8,40.0,0,0,1,100,9864.0,1194087.50,0
842222,4.74,41.8,40.0,0,0,1,100,9864.0,1195073.87,0
843222,4.74,41.8,40.0,0,0,1,100,9864.0,1196060.25,0
844222,4.74,41.8,40.0,0,0,1,100,9864.0,1197046.62,0
845222,4.75,41.8,40.0,0,0,1,100,9864.0,1198033.00,0
846222,4.75,41.9,40.0,0,0,1,100,9864.0,1199019.37,0
847222,4.75,41.9,40.0,0,0,1,100,9864.0,1200005.75,0
848222,4.75,41.9,40.0,0,0,1,100,9864.0,1200992.12,0
849222,4.76,41.9,40.0,0,0,1,100,9864.0,1201978.50,0
850222,4.76,41.9,40.0,0,0,1,100,9864.0,1202964.87,0
851222,4.76,42.0,40.0,0,0,1,100,9864.0,1203951.25,0
852222,4.77,42.0,40.0,0,0,1,100,9864.0,1204937.62,0
853222,4.77,42.0,40.0,0,0,1,100,9864.0,1205924.00,0
854222,4.77,42.0,40.0,0,0,1,100,9864.0,1206910.37,0
855222,4.78,42.0,40.0,0,0,1,100,9864.0,1207896.75,0
856222,4.78,42.1,40.0,0,0,1,100,9864.0,1208883.12,0
857222,4.78,42.1,40.0,0,0,1,100,9864.0,1209869.50,0
858222,4.79,42.1,40.0,0,0,1,100,9864.0,1210855.87,0
859222,4.79,42.1,40.0,0,0,1,100,9864.0,1211842.25,0
860222,4.79,42.1,40.0,0,0,1,100,9864.0,1212828.62,0
861222,4.80,42.2,40.0,0,0,1,100,9864.0,1213815.00,0
862222,4.80,42.2,40.0,0,0,1,100,9864.0,1214801.37,0
863222,4.80,42.2,40.0,0,0,1,100,9864.0,1215787.75,0
864222,4.81,42.2,40.0,0,0,1,100,9864.0,1216774.12,0
865222,4.81,42.2,40.0,0,0,1,100,9864.0,1217760.50,0
866222,4.82,42.3,40.0,0,0,1,100,9864.0,1218746.87,0
867222,4.82,42.3,40.0,0,0,1,100,9864.0,1219733.25,0
868222,4.83,42.3,40.0,0,0,1,100,9864.0,1220719.62,0
869222,4.83,42.3,40.0,0,0,1,100,9864.0,1221706.00,0
870222,4.83,42.3,40.0,0,0,1,100,9864.0,1222692.37,0
871222,4.84,42.4,40.0,0,0,1,100,9864.0,1223678.75,0
872222,4.84,42.4,40.0,0,0,1,100,9864.0,1224665.12,0
873222,4.85,42.4,40.0,0,0,1,100,9864.0,1225651.50,0
874222,4.85,42.4,40.0,0,0,1,100,9864.0,1226637.87,0
875222,4.86,42.4,40.0,0,0,1,100,9864.0,1227624.25,0
876222,4.86,42.5,40.0,0,0,1,100,9864.0,1228610.62,0
877222,4.87,42.5,40.0,0,0,1,100,9864.0,1229597.00,0
878222,4.87,42.5,40.0,0,0,1,100,9864.0,1230583.37,0
879222,4.88,42.5,40.0,0,0,1,100,9864.0,1231569.75,0
880222,4.88,42.5,40.0,0,0,1,100,9864.0,1232556.12,0
881222,4.89,42.6,40.0,0,0,1,100,9864.0,1233542.50,0
882222,4.90,42.6,40.0,0,0,1,100,9864.0,1234528.87,0
883222,4.90,42.6,40.0,0,0,1,100,9864.0,1235515.25,0
884222,4.91,42.6,40.0,0,0,1,100,9864.0,1236501.62,0
885222,4.91,42.6,40.0,0,0,1,100,9864.0,1237488.00,0
886222,4.92,42.7,40.0,0,0,1,100,9864.0,1238474.37,0
887222,4.92,42.7,40.0,0,0,1,100,9864.0,1239460.75,0
888222,4.93,42.7,40.0,0,0,1,100,9864.0,1240447.12,0
889222,4.94,42.7,40.0,0,0,1,100,9864.0,1241433.50,0
890222,4.94,42.7,40.0,0,0,1,100,9864.0,1242419.87,0
891222,4.95,42.8,40.0,0,0,1,100,9864.0,1243406.25,0
892222,4.96,42.8,40.0,0,0,1,100,9864.0,1244392.62,0
893222,4.96,42.8,40.0,0,0,1,100,9864.0,1245379.00,0
894222,4.97,42.8,40.0,0,0,1,100,9864.0,1246365.37,0
895222,4.97,42.8,40.0,0,0,1,100,9864.0,1247351.75,0
896222,4.98,42.9,40.0,0,0,1,100,9864.0,1248338.12,0
897222,4.99,42.9,40.0,0,0,1,100,9864.0,1249324.50,0
898222,4.99,42.9,40.0,0,0,1,100,9864.0,1250310.87,0
899222,5.00,42.9,40.0,0,0,1,100,9864.0,1251297.25,0
900222,5.01,42.9,40.0,0,0,1,100,9864.0,1252283.62,0
901222,5.02,43.0,40.0,0,0,1,100,9864.0,1253270.00,0
902222,5.02,43.0,40.0,0,0,1,100,9864.0,1254256.37,0
903222,5.03,43.0,40.0,0,0,1,100,9864.0,1255242.75,0
904222,5.04,43.0,40.0,0,0,1,100,9864.0,1256229.12,0
905222,5.04,43.0,40.0,0,0,1,100,9864.0,1257215.50,0
906222,5.05,43.1,40.0,0,0,1,100,9864.0,1258201.87,0
907222,5.06,43.1,40.0,0,0,1,100,9864.0,1259188.25,0
908222,5.07,43.1,40.0,0,0,1,100,9864.0,1260174.62,0
909222,5.07,43.1,40.0,0,0,1,100,9864.0,1261161.00,0
910222,5.08,43.1,40.0,0,0,1,100,9864.0,1262147.37,0
911222,5.09,43.2,40.0,0,0,1,100,9864.0,1263133.75,0
912222,5.10,43.2,40.0,0,0,1,100,9864.0,1264120.12,0
913222,5.10,43.2,40.0,0,0,1,100,9864.0,1265106.50,0
914222,5.11,43.2,40.0,0,0,1,100,9864.0,1266092.87,0
915222,5.12,43.2,40.0,0,0,1,100,9864.0,1267079.25,0
916222,5.13,43.3,40.0,0,0,1,100,9864.0,1268065.62,0
917222,5.14,43.3,40.0,0,0,1,100,9864.0,1269052.00,0
918222,5.14,43.3,40.0,0,0,1,100,9864.0,1270038.37,0
919222,5.15,43.3,40.0,0,0,1,100,9864.0,1271024.75,0
920222,5.16,43.3,40.0,0,0,1,100,9864.0,1272011.12,0
921222,5.17,43.4,40.0,0,0,1,100,9864.0,1272997.50,0
922222,5.18,43.4,40.0,0,0,1,100,9864.0,1273983.87,0
923222,5.19,43.4,40.0,0,0,1,100,9864.0,1274970.25,0
924222,5.19,43.4,40.0,0,0,1,100,9864.0,1275956.62,0
925222,5.20,43.4,40.0,0,0,1,100,9864.0,1276943.00,0
926222,5.21,43.5,40.0,0,0,1,100,9864.0,1277929.37,0
927222,5.22,43.5,40.0,0,0,1,100,9864.0,1278915.75,0
928222,5.23,43.5,40.0,0,0,1,100,9864.0,1279902.12,0
929222,5.24,43.5,40.0,0,0,1,100,9864.0,1280888.50,0
930222,5.25,43.5,40.0,0,0,1,100,9864.0,1281874.87,0
931222,5.25,43.6,40.0,0,0,1,100,9864.0,1282861.25,0
932222,5.26,43.6,40.0,0,0,1,100,9864.0,1283847.62,0
933222,5.27,43.6,40.0,0,0,1,100,9864.0,1284834.00,0
934222,5.28,43.6,40.0,0,0,1,100,9864.0,1285820.37,0
935222,5.29,43.6,40.0,0,0,1,100,9864.0,1286806.75,0
936222,5.30,43.7,40.0,0,0,1,100,9864.0,1287793.12,0
937222,5.31,43.7,40.0,0,0,1,100,9864.0,1288779.50,0
938222,5.32,43.7,40.0,0,0,1,100,9864.0,1289765.87,0
939222,5.33,43.7,40.0,0,0,1,100,9864.0,1290752.25,0
940222,5.34,43.7,40.0,0,0,1,100,9864.0,1291738.62,0
941222,5.35,43.8,40.0,0,0,1,100,9864.0,1292725.00,0
942222,5.36,43.8,40.0,0,0,1,100,9864.0,1293711.37,0
943222,5.37,43.8,40.0,0,0,1,100,9864.0,1294697.75,0
944222,5.38,43.8,40.0,0,0,1,100,9864.0,1295684.12,0
945222,5.38,43.8,40.0,0,0,1,100,9864.0,1296670.50,0
946222,5.39,43.9,40.0,0,0,1,100,9864.0,1297656.87,0
947222,5.40,43.9,40.0,0,0,1,100,9864.0,1298643.25,0
948222,5.41,43.9,40.0,0,0,1,100,9864.0,1299629.62,0
949222,5.42,43.9,40.0,0,0,1,100,9864.0,1300616.00,0
950222,5.43,43.9,40.0,0,0,1,100,9864.0,1301602.37,0
951222,5.44,44.0,40.0,0,0,1,100,9864.0,1302588.75,0
952222,5.45,44.0,40.0,0,0,1,100,9864.0,1303575.12,0
953222,5.46,44.0,40.0,0,0,1,100,9864.0,1304561.50,0
954222,5.47,44.0,40.0,0,0,1,100,9864.0,1305547.87,0
955222,5.49,44.0,40.0,0,0,1,100,9864.0,1306534.25,0
956222,5.50,44.1,40.0,0,0,1,100,9864.0,1307520.62,0
957222,5.51,44.1,40.0,0,0,1,100,9864.0,1308507.00,0
958222,5.52,44.1,40.0,0,0,1,100,9864.0,1309493.37,0
959222,5.53,44.1,40.0,0,0,1,100,9864.0,1310479.75,0
960222,5.54,44.1,40.0,0,0,1,100,9864.0,1311466.12,0
961222,5.55,44.2,40.0,0,0,1,100,9864.0,1312452.50,0
962222,5.56,44.2,40.0,0,0,1,100,9864.0,1313438.87,0
963222,5.57,44.2,40.0,0,0,1,100,9864.0,1314425.25,0
964222,5.58,44.2,40.0,0,0,1,100,9864.0,1315411.62,0
965222,5.59,44.2,40.0,0,0,1,100,9864.0,1316398.00,0
966222,5.60,44.3,40.0,0,0,1,100,9864.0,1317384.37,0
967222,5.61,44.3,40.0,0,0,1,100,9864.0,1318370.75,0
968222,5.62,44.3,40.0,0,0,1,100,9864.0,1319357.12,0
969222,5.63,44.3,40.0,0,0,1,100,9864.0,1320343.50,0
970222,5.64,44.3,40.0,0,0,1,100,9864.0,1321329.87,0
971222,5.66,44.4,40.0,0,0,1,100,9864.0,1322316.25,0
972222,5.67,44.4,40.0,0,0,1,100,9864.0,1323302.62,0
973222,5.68,44.4,40.0,0,0,1,100,9864.0,1324289.00,0
974222,5.69,44.4,40.0,0,0,1,100,9864.0,1325275.37,0
975222,5.70,44.4,40.0,0,0,1,100,9864.0,1326261.75,0
976222,5.71,44.5,40.0,0,0,1,100,9864.0,1327248.12,0
977222,5.72,44.5,40.0,0,0,1,100,9864.0,1328234.50,0
978222,5.74,44.5,40.0,0,0,1,100,9864.0,1329220.87,0
979222,5.75,44.5,40.0,0,0,1,100,9864.0,1330207.25,0
980222,5.76,44.5,40.0,0,0,1,100,9864.0,1331193.62,0
981222,5.77,44.6,40.0,0,0,1,100,9864.0,1332180.00,0
982222,5.78,44.6,40.0,0,0,1,100,9864.0,1333166.37,0
983222,5.79,44.6,40.0,0,0,1,100,9864.0,1334152.75,0
984222,5.80,44.6,40.0,0,0,1,100,9864.0,1335139.12,0
985222,5.82,44.6,40.0,0,0,1,100,9864.0,1336125.50,0
986222,5.83,44.7,40.0,0,0,1,100,9864.0,1337111.87,0
987222,5.84,44.7,40.0,0,0,1,100,9864.0,1338098.25,0
988222,5.85,44.7,40.0,0,0,1,100,9864.0,1339084.62,0
989222,5.86,44.7,40.0,0,0,1,100,9864.0,1340071.00,0
990222,5.87,44.7,40.0,0,0,1,100,9864.0,1341057.37,0
991222,5.89,44.8,40.0,0,0,1,100,9864.0,1342043.75,0
992222,5.90,44.8,40.0,0,0,1,100,9864.0,1343030.12,0
993222,5.91,44.8,40.0,0,0,1,100,9864.0,1344016.50,0
994222,5.92,44.8,40.0,0,0,1,100,9864.0,1345002.87,0
995222,5.94,44.8,40.0,0,0,1,100,9864.0,1345989.25,0
996222,5.95,44.9,40.0,0,0,1,100,9864.0,1346975.62,0
997222,5.96,44.9,40.0,0,0,1,100,9864.0,1347962.00,0
998222,5.97,44.9,40.0,0,0,1,100,9864.0,1348948.37,0
999222,5.98,44.9,40.0,0,0,1,100,9864.0,1349934.75,0
1000222,6.00,44.9,40.0,0,0,1,100,9864.0,1350921.12,0
1001222,6.01,45.0,40.0,0,0,1,100,9864.0,1351907.50,0
1002222,6.02,45.0,40.0,0,0,1,100,9864.0,1352893.87,0
1003222,6.03,45.0,40.0,0,0,1,100,9864.0,1353880.25,0
1004222,6.05,45.0,40.0,0,0,1,100,9864.0,1354866.62,0
1005222,6.06,45.0,40.0,0,0,1,100,9864.0,1355853.00,0
1006222,6.07,45.1,40.0,0,0,1,100,9864.0,1356839.37,0
1007222,6.08,45.1,40.0,0,0,1,100,9864.0,1357825.75,0
1008222,6.10,45.1,40.0,0,0,1,100,9864.0,1358812.12,0
1009222,6.11,45.1,40.0,0,0,1,100,9864.0,1359798.50,0
1010222,6.12,45.1,40.0,0,0,1,100,9864.0,1360784.87,0
1011222,6.14,45.2,40.0,0,0,1,100,9864.0,1361771.25,0
1012222,6.15,45.2,40.0,0,0,1,100,9864.0,1362757.62,0
1013222,6.16,45.2,40.0,0,0,1,100,9864.0,1363744.00,0
1014222,6.17,45.2,40.0,0,0,1,100,9864.0,1364730.37,0
1015222,6.19,45.2,40.0,0,0,1,100,9864.0,1365716.75,0
1016222,6.20,45.3,40.0,0,0,1,100,9864.0,1366703.12,0
1017222,6.21,45.3,40.0,0,0,1,100,9864.0,1367689.50,0
1018222,6.23,45.3,40.0,0,0,1,100,9864.0,1368675.87,0
1019222,6.24,45.3,40.0,0,0,1,100,9864.0,1369662.25,0
1020222,6.25,45.3,40.0,0,0,1,100,9864.0,1370648.62,0
1021222,6.27,45.4,40.0,0,0,1,100,9864.0,1371635.00,0
1022222,6.28,45.4,40.0,0,0,1,100,9864.0,1372621.37,0
1023222,6.29,45.4,40.0,0,0,1,100,9864.0,1373607.75,0
1024222,6.31,45.4,40.0,0,0,1,100,9864.0,1374594.12,0
1025222,6.32,45.4,40.0,0,0,1,100,9864.0,1375580.50,0
1026222,6.33,45.5,40.0,0,0,1,100,9864.0,1376566.87,0
1027222,6.35,45.5,40.0,0,0,1,100,9864.0,1377553.25,0
1028222,6.36,45.5,40.0,0,0,1,100,9864.0,1378539.62,0
1029222,6.37,45.5,40.0,0,0,1,100,9864.0,1379526.00,0
1030222,6.39,45.5,40.0,0,0,1,100,9864.0,1380512.37,0
1031222,6.40,45.6,40.0,0,0,1,100,9864.0,1381498.75,0
1032222,6.41,45.6,40.0,0,0,1,100,9864.0,1382485.12,0
1033222,6.43,45.6,40.0,0,0,1,100,9864.0,1383471.50,0
1034222,6.44,45.6,40.0,0,0,1,100,9864.0,1384457.87,0
1035222,6.45,45.6,40.0,0,0,1,100,9864.0,1385444.25,0
1036222,6.47,45.7,40.0,0,0,1,100,9864.0,1386430.62,0
1037222,6.48,45.7,40.0,0,0,1,100,9864.0,1387417.00,0
1038222,6.50,45.7,40.0,0,0,1,100,9864.0,1388403.37,0
1039222,6.51,45.7,40.0,0,0,1,100,9864.0,1389389.75,0
1040222,6.52,45.7,40.0,0,0,1,100,9864.0,1390376.12,0
1041222,6.54,45.8,40.0,0,0,1,100,9864.0,1391362.50,0
1042222,6.55,45.8,40.0,0,0,1,100,9864.0,1392348.87,0
1043222,6.56,45.8,40.0,0,0,1,100,9864.0,1393335.25,0
1044222,6.58,45.8,40.0,0,0,1,100,9864.0,1394321.62,0
1045222,6.59,45.8,40.0,0,0,1,100,9864.0,1395308.00,0
1046222,6.61,45.9,40.0,0,0,1,100,9864.0,1396294.37,0
1047222,6.62,45.9,40.0,0,0,1,100,9864.0,1397280.75,0
1048222,6.63,45.9,40.0,0,0,1,100,9864.0,1398267.12,0
1049222,6.65,45.9,40.0,0,0,1,100,9864.0,1399253.50,0
1050222,6.66,45.9,40.0,0,0,1,100,9864.0,1400239.87,0
1051222,6.68,46.0,40.0,0,0,1,100,9864.0,1401226.25,0
1052222,6.69,46.0,40.0,0,0,1,100,9864.0,1402212.62,0
1053222,6.71,46.0,40.0,0,0,1,100,9864.0,1403199.00,0
1054222,6.72,46.0,40.0,0,0,1,100,9864.0,1404185.37,0
1055222,6.73,46.0,40.0,0,0,1,100,9864.0,1405171.75,0
1056222,6.75,46.1,40.0,0,0,1,100,9864.0,1406158.12,0
1057222,6.76,46.1,40.0,0,0,1,100,9864.0,1407144.50,0
1058222,6.78,46.1,40.0,0,0,1,100,9864.0,1408130.87,0
1059222,6.79,46.1,40.0,0,0,1,100,9864.0,1409117.25,0
1060222,6.81,46.1,40.0,0,0,1,100,9864.0,1410103.62,0
1061222,6.82,46.2,40.0,0,0,1,100,9864.0,1411090.00,0
1062222,6.84,46.2,40.0,0,0,1,100,9864.0,1412076.37,0
1063222,6.85,46.2,40.0,0,0,1,100,9864.0,1413062.75,0
1064222,6.86,46.2,40.0,0,0,1,100,9864.0,1414049.12,0
1065222,6.88,46.2,40.0,0,0,1,100,9864.0,1415035.50,0
1066222,6.89,46.3,40.0,0,0,1,100,9864.0,1416021.87,0
1067222,6.91,46.3,40.0,0,0,1,100,9864.0,1417008.25,0
1068222,6.92,46.3,40.0,0,0,1,100,9864.0,1417994.62,0
1069222,6.94,46.3,40.0,0,0,1,100,9864.0,1418981.00,0
1070222,6.95,46.3,40.0,0,0,1,100,9864.0,1419967.37,0
1071222,6.97,46.4,40.0,0,0,1,100,9864.0,1420953.75,0
1072222,6.98,46.4,40.0,0,0,1,100,9864.0,1421940.12,0
1073222,7.00,46.4,40.0,0,0,1,100,9864.0,1422926.50,0
1074222,7.01,46.4,40.0,0,0,1,100,9864.0,1423912.87,0
1075222,7.03,46.4,40.0,0,0,1,100,9864.0,1424899.25,0
1076222,7.04,46.5,40.0,0,0,1,100,9864.0,1425885.62,0
1077222,7.06,46.5,40.0,0,0,1,100,9864.0,1426872.00,0
1078222,7.07,46.5,40.0,0,0,1,100,9864.0,1427858.37,0
1079222,7.09,46.5,40.0,0,0,1,100,9864.0,1428844.75,0
1080222,7.10,46.5,40.0,0,0,1,100,9864.0,1429831.12,0
1081222,7.12,46.6,40.0,0,0,1,100,9864.0,1430817.50,0
1082222,7.13,46.6,40.0,0,0,1,100,9864.0,1431803.87,0
1083222,7.15,46.6,40.0,0,0,1,100,9864.0,1432790.25,0
1084222,7.16,46.6,40.0,0,0,1,100,9864.0,1433776.62,0
1085222,7.18,46.6,40.0,0,0,1,100,9864.0,1434763.00,0
1086222,7.19,46.7,40.0,0,0,1,100,9864.0,1435749.37,0
1087222,7.21,46.7,40.0,0,0,1,100,9864.0,1436735.75,0
1088222,7.22,46.7,40.0,0,0,1,100,9864.0,1437722.12,0
1089222,7.24,46.7,40.0,0,0,1,100,9864.0,1438708.50,0
1090222,7.25,46.7,40.0,0,0,1,100,9864.0,1439694.87,0
1091222,7.27,46.8,40.0,0,0,1,100,9864.0,1440681.25,0
1092222,7.28,46.8,40.0,0,0,1,100,9864.0,1441667.62,0
1093222,7.30,46.8,40.0,0,0,1,100,9864.0,1442654.00,0
1094222,7.32,46.8,40.0,0,0,1,100,9864.0,1443640.37,0
1095222,7.33,46.8,40.0,0,0,1,100,9864.0,1444626.75,0
1096222,7.35,46.9,40.0,0,0,1,100,9864.0,1445613.12,0
1097222,7.36,46.9,40.0,0,0,1,100,9864.0,1446599.50,0
1098222,7.38,46.9,40.0,0,0,1,100,9864.0,1447585.87,0
1099222,7.39,46.9,40.0,0,0,1,100,9864.0,1448572.25,0
1100222,7.41,46.9,40.0,0,0,1,100,9864.0,1449558.62,0
1101222,7.42,47.0,40.0,0,0,1,100,9864.0,1450545.00,0
1102222,7.44,47.0,40.0,0,0,1,100,9864.0,1451531.37,0
1103222,7.46,47.0,40.0,0,0,1,100,9864.0,1452517.75,0
1104222,7.47,47.0,40.0,0,0,1,100,9864.0,1453504.12,0
1105222,7.49,47.0,40.0,0,0,1,100,9864.0,1454490.50,0
1106222,7.50,47.1,40.0,0,0,1,100,9864.0,1455476.87,0
1107222,7.52,47.1,40.0,0,0,1,100,9864.0,1456463.25,0
1108222,7.53,47.1,40.0,0,0,1,100,9864.0,1457449.62,0
1109222,7.55,47.1,40.0,0,0,1,100,9864.0,1458436.00,0
1110222,7.57,47.1,40.0,0,0,1,100,9864.0,1459422.37,0
1111222,7.58,47.2,40.0,0,0,1,100,9864.0,1460408.75,0
1112222,7.60,47.2,40.0,0,0,1,100,9864.0,1461395.12,0
1113222,7.61,47.2,40.0,0,0,1,100,9864.0,1462381.50,0
1114222,7.63,47.2,40.0,0,0,1,100,9864.0,1463367.87,0
1115222,7.64,47.2,40.0,0,0,1,100,9864.0,1464354.25,0
1116222,7.66,47.3,40.0,0,0,1,100,9864.0,1465340.62,0
1117222,7.68,47.3,40.0,0,0,1,100,9864.0,1466327.00,0
1118222,7.69,47.3,40.0,0,0,1,100,9864.0,1467313.37,0
1119222,7.71,47.3,40.0,0,0,1,100,9864.0,1468299.75,0
1120222,7.72,47.3,40.0,0,0,1,100,9864.0,1469286.12,0
1121222,7.74,47.4,40.0,0,0,1,100,9864.0,1470272.50,0
1122222,7.76,47.4,40.0,0,0,1,100,9864.0,1471258.87,0
1123222,7.77,47.4,40.0,0,0,1,100,9864.0,1472245.25,0
1124222,7.79,47.4,40.0,0,0,1,100,9864.0,1473231.62,0
1125222,7.80,47.4,40.0,0,0,1,100,9864.0,1474218.00,0
1126222,7.82,47.5,40.0,0,0,1,100,9864.0,1475204.37,0
1127222,7.84,47.5,40.0,0,0,1,100,9864.0,1476190.75,0
1128222,7.85,47.5,40.0,0,0,1,100,9864.0,1477177.12,0
1129222,7.87,47.5,40.0,0,0,1,100,9864.0,1478163.50,0
1130222,7.89,47.5,40.0,0,0,1,100,9864.0,1479149.87,0
1131222,7.90,47.6,40.0,0,0,1,100,9864.0,1480136.25,0
1132222,7.92,47.6,40.0,0,0,1,100,9864.0,1481122.62,0
1133222,7.93,47.6,40.0,0,0,1,100,9864.0,1482109.00,0
1134222,7.95,47.6,40.0,0,0,1,100,9864.0,1483095.37,0
1135222,7.97,47.6,40.0,0,0,1,100,9864.0,1484081.75,0
1136222,7.98,47.7,40.0,0,0,1,100,9864.0,1485068.12,0
1137222,8.00,47.7,40.0,0,0,1,100,9864.0,1486054.50,0
1138222,8.02,47.7,40.0,0,0,1,100,9864.0,1487040.87,0
1139222,8.03,47.7,40.0,0,0,1,100,9864.0,1488027.25,0
1140222,8.05,47.7,40.0,0,0,1,100,9864.0,1489013.62,0
1141222,8.07,47.8,40.0,0,0,1,100,9864.0,1490000.00,0
1142222,8.08,47.8,40.0,0,0,1,100,9864.0,1490986.37,0
1143222,8.10,47.8,40.0,0,0,1,100,9864.0,1491972.75,0
1144222,8.11,47.8,40.0,0,0,1,100,9864.0,1492959.12,0
1145222,8.13,47.8,40.0,0,0,1,100,9864.0,1493945.50,0
1146222,8.15,47.9,40.0,0,0,1,100,9864.0,1494931.87,0
1147222,8.16,47.9,40.0,0,0,1,100,9864.0,1495918.25,0
1148222,8.18,47.9,40.0,0,0,1,100,9864.0,1496904.62,0
1149222,8.20,47.9,40.0,0,0,1,100,9864.0,1497891.00,0
1150222,8.21,47.9,40.0,0,0,1,100,9864.0,1498877.37,0
1151222,8.23,48.0,40.0,0,0,1,100,9864.0,1499863.75,0
1152222,8.25,48.0,40.0,0,0,1,100,9864.0,1500850.12,0
1153222,8.26,48.0,40.0,0,0,1,100,9864.0,1501836.50,0
1154222,8.28,48.0,40.0,0,0,1,100,9864.0,1502822.87,0
1155222,8.30,48.0,40.0,0,0,1,100,9864.0,1503809.25,0
1156222,8.31,48.1,40.0,0,0,1,100,9864.0,1504795.62,0
1157222,8.33,48.1,40.0,0,0,1,100,9864.0,1505782.00,0
1158222,8.35,48.1,40.0,0,0,1,100,9864.0,1506768.37,0
1159222,8.36,48.1,40.0,0,0,1,100,9864.0,1507754.75,0
1160222,8.38,48.1,40.0,0,0,1,100,9864.0,1508741.12,0
1161222,8.40,48.2,40.0,0,0,1,100,9864.0,1509727.50,0
1162222,8.41,48.2,40.0,0,0,1,100,9864.0,1510713.87,0
1163222,8.43,48.2,40.0,0,0,1,100,9864.0,1511700.25,0
1164222,8.45,48.2,40.0,0,0,1,100,9864.0,1512686.62,0
1165222,8.47,48.2,40.0,0,0,1,100,9864.0,1513673.00,0
1166222,8.48,48.3,40.0,0,0,1,100,9864.0,1514659.37,0
1167222,8.50,48.3,40.0,0,0,1,100,9864.0,1515645.75,0
1168222,8.52,48.3,40.0,0,0,1,100,9864.0,1516632.12,0
1169222,8.53,48.3,40.0,0,0,1,100,9864.0,1517618.50,0
1170222,8.55,48.3,40.0,0,0,1,100,9864.0,1518604.87,0
1171222,8.57,48.4,40.0,0,0,1,100,9864.0,1519591.25,0
1172222,8.58,48.4,40.0,0,0,1,100,9864.0,1520577.62,0
1173222,8.60,48.4,40.0,0,0,1,100,9864.0,1521564.00,0
1174222,8.62,48.4,40.0,0,0,1,100,9864.0,1522550.37,0
1175222,8.63,48.4,40.0,0,0,1,100,9864.0,1523536.75,0
1176222,8.65,48.5,40.0,0,0,1,100,9864.0,1524523.12,0
1177222,8.67,48.5,40.0,0,0,1,100,9864.0,1525509.50,0
1178222,8.69,48.5,40.0,0,0,1,100,9864.0,1526495.87,0
1179222,8.70,48.5,40.0,0,0,1,100,9864.0,1527482.25,0
1180222,8.72,48.5,40.0,0,0,1,100,9864.0,1528468.62,0
1181222,8.74,48.6,40.0,0,0,1,100,9864.0,1529455.00,0
1182222,8.75,48.6,40.0,0,0,1,100,9864.0,1530441.37,0
1183222,8.77,48.6,40.0,0,0,1,100,9864.0,1531427.75,0
1184222,8.79,48.6,40.0,0,0,1,100,9864.0,1532414.12,0
1185222,8.81,48.6,40.0,0,0,1,100,9864.0,1533400.50,0
1186222,8.82,48.7,40.0,0,0,1,100,9864.0,1534386.87,0
1187222,8.84,48.7,40.0,0,0,1,100,9864.0,1535373.25,0
1188222,8.86,48.7,40.0,0,0,1,100,9864.0,1536359.62,0
1189222,8.88,48.7,40.0,0,0,1,100,9864.0,1537346.00,0
1190222,8.89,48.7,40.0,0,0,1,100,9864.0,1538332.37,0
1191222,8.91,48.8,40.0,0,0,1,100,9864.0,1539318.75,0
1192222,8.93,48.8,40.0,0,0,1,100,9864.0,1540305.12,0
1193222,8.94,48.8,40.0,0,0,1,100,9864.0,1541291.50,0
1194222,8.96,48.8,40.0,0,0,1,100,9864.0,1542277.87,0
1195222,8.98,48.8,40.0,0,0,1,100,9864.0,1543264.25,0
1196222,9.00,48.9,40.0,0,0,1,100,9864.0,1544250.62,0
1197222,9.01,48.9,40.0,0,0,1,100,9864.0,1545237.00,0
1198222,9.03,48.9,40.0,0,0,1,100,9864.0,1546223.37,0
1199222,9.05,48.9,40.0,0,0,1,100,9864.0,1547209.75,0
1200222,9.07,48.9,40.0,0,0,1,100,9864.0,1548196.12,0
1201222,9.08,49.0,40.0,0,0,1,100,9864.0,1549182.50,0
1202222,9.10,49.0,40.0,0,0,1,100,9864.0,1550168.87,0
1203222,9.12,49.0,40.0,0,0,1,100,9864.0,1551155.25,0
1204222,9.14,49.0,40.0,0,0,1,100,9864.0,1552141.62,0
1205222,9.15,49.0,40.0,0,0,1,100,9864.0,1553128.00,0
1206222,9.17,49.1,40.0,0,0,1,100,9864.0,1554114.37,0
1207222,9.19,49.1,40.0,0,0,1,100,9864.0,1555100.75,0
1208222,9.21,49.1,40.0,0,0,1,100,9864.0,1556087.12,0
1209222,9.22,49.1,40.0,0,0,1,100,9864.0,1557073.50,0
1210222,9.24,49.1,40.0,0,0,1,100,9864.0,1558059.87,0
1211222,9.26,49.2,40.0,0,0,1,100,9864.0,1559046.25,0
1212222,9.28,49.2,40.0,0,0,1,100,9864.0,1560032.62,0
1213222,9.29,49.2,40.0,0,0,1,100,9864.0,1561019.00,0
1214222,9.31,49.2,40.0,0,0,1,100,9864.0,1562005.37,0
1215222,9.33,49.2,40.0,0,0,1,100,9864.0,1562991.75,0
1216222,9.35,49.3,40.0,0,0,1,100,9864.0,1563978.12,0
1217222,9.36,49.3,40.0,0,0,1,100,9864.0,1564964.50,0
1218222,9.38,49.3,40.0,0,0,1,100,9864.0,1565950.87,0
1219222,9.40,49.3,40.0,0,0,1,100,9864.0,1566937.25,0
1220222,9.42,49.3,40.0,0,0,1,100,9864.0,1567923.62,0
1221222,9.43,49.4,40.0,0,0,1,100,9864.0,1568910.00,0
1222222,9.45,49.4,40.0,0,0,1,100,9864.0,1569896.37,0
1223222,9.47,49.4,40.0,0,0,1,100,9864.0,1570882.75,0
1224222,9.49,49.4,40.0,0,0,1,100,9864.0,1571869.12,0
1225222,9.51,49.4,40.0,0,0,1,100,9864.0,1572855.50,0
1226222,9.52,49.5,40.0,0,0,1,100,9864.0,1573841.87,0
1227222,9.54,49.5,40.0,0,0,1,100,9864.0,1574828.25,0
1228222,9.56,49.5,40.0,0,0,1,100,9864.0,1575814.62,0
1229222,9.58,49.5,40.0,0,0,1,100,9864.0,1576801.00,0
1230222,9.59,49.5,40.0,0,0,1,100,9864.0,1577787.37,0
1231222,9.61,49.6,40.0,0,0,1,100,9864.0,1578773.75,0
1232222,9.63,49.6,40.0,0,0,1,100,9864.0,1579760.12,0
1233222,9.65,49.6,40.0,0,0,1,100,9864.0,1580746.50,0
1234222,9.67,49.6,40.0,0,0,1,100,9864.0,1581732.87,0
1235222,9.68,49.6,40.0,0,0,1,100,9864.0,1582719.25,0
1236222,9.70,49.7,40.0,0,0,1,100,9864.0,1583705.62,0
1237222,9.72,49.7,40.0,0,0,1,100,9864.0,1584692.00,0
1238222,9.74,49.7,40.0,0,0,1,100,9864.0,1585678.37,0
1239222,9.76,49.7,40.0,0,0,1,100,9864.0,1586664.75,0
1240222,9.77,49.7,40.0,0,0,1,100,9864.0,1587651.12,0
1241222,9.79,49.8,40.0,0,0,1,100,9864.0,1588637.50,0
1242222,9.81,49.8,40.0,0,0,1,100,9864.0,1589623.87,0
1243222,9.83,49.8,40.0,0,0,1,100,9864.0,1590610.25,0
1244222,9.84,49.8,40.0,0,0,1,100,9864.0,1591596.62,0
1245222,9.86,49.8,40.0,0,0,1,100,9864.0,1592583.00,0
1246222,9.88,49.9,40.0,0,0,1,100,9864.0,1593569.37,0
1247222,9.90,49.9,40.0,0,0,1,100,9864.0,1594555.75,0
1248222,9.92,49.9,40.0,0,0,1,100,9864.0,1595542.12,0
1249222,9.93,49.9,40.0,0,0,1,100,9864.0,1596528.50,0
1250222,9.95,49.9,40.0,0,0,1,100,9864.0,1597514.87,0
1251222,9.97,50.0,40.0,0,0,1,100,9864.0,1598501.25,0
1252222,9.99,50.0,40.0,0,0,1,100,9864.0,1599487.62,0
1253222,10.01,50.0,40.0,0,0,1,100,9864.0,1600474.00,0
1254222,10.03,50.0,40.0,0,0,1,100,9864.0,1601460.37,0
1255222,10.04,50.0,40.0,0,0,1,100,9864.0,1602446.75,0
1256222,10.06,50.1,40.0,0,0,1,100,9864.0,1603433.12,0
1257222,10.08,50.1,40.0,0,0,1,100,9864.0,1604419.50,0
1258222,10.10,50.1,40.0,0,0,1,100,9864.0,1605405.87,0
1259222,10.12,50.1,40.0,0,0,1,100,9864.0,1606392.25,0
1260222,10.13,50.1,40.0,0,0,1,100,9864.0,1607378.62,0
1261222,10.15,50.2,40.0,0,0,1,100,9864.0,1608365.00,0
1262222,10.17,50.2,40.0,0,0,1,100,9864.0,1609351.37,0
1263222,10.19,50.2,40.0,0,0,1,100,9864.0,1610337.75,0
1264222,10.21,50.2,40.0,0,0,1,100,9864.0,1611324.12,0
1265222,10.22,50.2,40.0,0,0,1,100,9864.0,1612310.50,0
1266222,10.24,50.3,40.0,0,0,1,100,9864.0,1613296.87,0
1267222,10.26,50.3,40.0,0,0,1,100,9864.0,1614283.25,0
1268222,10.28,50.3,40.0,0,0,1,100,9864.0,1615269.62,0
1269222,10.30,50.3,40.0,0,0,1,100,9864.0,1616256.00,0
1270222,10.32,50.3,40.0,0,0,1,100,9864.0,1617242.37,0
1271222,10.33,50.4,40.0,0,0,1,100,9864.0,1618228.75,0
1272222,10.35,50.4,40.0,0,0,1,100,9864.0,1619215.12,0
1273222,10.37,50.4,40.0,0,0,1,100,9864.0,1620201.50,0
1274222,10.39,50.4,40.0,0,0,1,100,9864.0,1621187.87,0
1275222,10.41,50.4,40.0,0,0,1,100,9864.0,1622174.25,0
1276222,10.43,50.5,40.0,0,0,1,100,9864.0,1623160.62,0
1277222,10.44,50.5,40.0,0,0,1,100,9864.0,1624147.00,0
1278222,10.46,50.5,40.0,0,0,1,100,9864.0,1625133.37,0
1279222,10.48,50.5,40.0,0,0,1,100,9864.0,1626119.75,0
1280222,10.50,50.5,40.0,0,0,1,100,9864.0,1627106.12,0
1281222,10.52,50.6,40.0,0,0,1,100,9864.0,1628092.50,0
1282222,10.54,50.6,40.0,0,0,1,100,9864.0,1629078.87,0
1283222,10.55,50.6,40.0,0,0,1,100,9864.0,1630065.25,0
1284222,10.57,50.6,40.0,0,0,1,100,9864.0,1631051.62,0
1285222,10.59,50.6,40.0,0,0,1,100,9864.0,1632038.00,0
1286222,10.61,50.7,40.0,0,0,1,100,9864.0,1633024.37,0
1287222,10.63,50.7,40.0,0,0,1,100,9864.0,1634010.75,0
1288222,10.65,50.7,40.0,0,0,1,100,9864.0,1634997.12,0
1289222,10.66,50.7,40.0,0,0,1,100,9864.0,1635983.50,0
1290222,10.68,50.7,40.0,0,0,1,100,9864.0,1636969.87,0
1291222,10.70,50.8,40.0,0,0,1,100,9864.0,1637956.25,0
1292222,10.72,50.8,40.0,0,0,1,100,9864.0,1638942.62,0
1293222,10.74,50.8,40.0,0,0,1,100,9864.0,1639929.00,0
1294222,10.76,50.8,40.0,0,0,1,100,9864.0,1640915.37,0
1295222,10.77,50.8,40.0,0,0,1,100,9864.0,1641901.75,0
1296222,10.79,50.9,40.0,0,0,1,100,9864.0,1642888.12,0
1297222,10.81,50.9,40.0,0,0,1,100,9864.0,1643874.50,0
1298222,10.83,50.9,40.0,0,0,1,100,9864.0,1644860.87,0
1299222,10.85,50.9,40.0,0,0,1,100,9864.0,1645847.25,0
1300222,10.87,50.9,40.0,0,0,1,100,9864.0,1646833.62,0
1301222,10.89,51.0,40.0,0,0,1,100,9864.0,1647820.00,0
1302222,10.90,51.0,40.0,0,0,1,100,9864.0,1648806.37,0
1303222,10.92,51.0,40.0,0,0,1,100,9864.0,1649792.75,0
1304222,10.94,51.0,40.0,0,0,1,100,9864.0,1650779.12,0
1305222,10.96,51.0,40.0,0,0,1,100,9864.0,1651765.50,0
1306222,10.98,51.1,40.0,0,0,1,100,9864.0,1652751.87,0
1307222,11.00,51.1,40.0,0,0,1,100,9864.0,1653738.25,0
1308222,11.02,51.1,40.0,0,0,1,100,9864.0,1654724.62,0
1309222,11.03,51.1,40.0,0,0,1,100,9864.0,1655711.00,0
1310222,11.05,51.1,40.0,0,0,1,100,9864.0,1656697.37,0
1311222,11.07,51.2,40.0,0,0,1,100,9864.0,1657683.75,0
1312222,11.09,51.2,40.0,64,1,1,100,9864.0,1658670.12,0
1313222,11.11,51.2,40.0,28,1,1,100,9864.0,1659656.50,0
1314222,11.13,51.2,40.0,28,1,1,100,9864.0,1660642.87,0
1315222,11.14,51.2,40.0,0,0,1,100,9864.0,1661629.25,0
1316222,11.16,51.3,40.0,0,0,1,100,9864.0,1662615.62,0
1317222,11.18,51.3,40.0,0,0,1,100,9864.0,1663602.00,0
1318222,11.20,51.3,40.0,0,0,1,100,9864.0,1664588.37,0
1319222,11.22,51.3,40.0,0,0,1,100,9864.0,1665574.75,0
1320222,11.24,51.3,40.0,0,0,1,100,9864.0,1666561.12,0
1321222,11.26,51.4,40.0,0,0,1,100,9864.0,1667547.50,0
1322222,11.28,51.4,40.0,0,0,1,100,9864.0,1668533.87,0
1323222,11.29,51.4,40.0,0,0,1,100,9864.0,1669520.25,0
1324222,11.31,51.4,40.0,0,0,1,100,9864.0,1670506.62,0
1325222,11.33,51.4,40.0,0,0,1,100,9864.0,1671493.00,0
1326222,11.35,51.5,40.0,0,0,1,100,9864.0,1672479.37,0
1327222,11.37,51.5,40.0,0,0,1,100,9864.0,1673465.75,0
1328222,11.39,51.5,40.0,0,0,1,100,9864.0,1674452.12,0
1329222,11.41,51.5,40.0,0,0,1,100,9864.0,1675438.50,0
1330222,11.42,51.5,40.0,0,0,1,100,9864.0,1676424.87,0
1331222,11.44,51.6,40.0,0,0,1,100,9864.0,1677411.25,0
1332222,11.46,51.6,40.0,0,0,1,100,9864.0,1678397.62,0
1333222,11.48,51.6,40.0,0,0,1,100,9864.0,1679384.00,0
1334222,11.50,51.6,40.0,0,0,1,100,9864.0,1680370.37,0
1335222,11.52,51.6,40.0,0,0,1,100,9864.0,1681356.75,0
1336222,11.54,51.7,40.0,0,0,1,100,9864.0,1682343.12,0
1337222,11.56,51.7,40.0,0,0,1,100,9864.0,1683329.50,0
1338222,11.58,51.7,40.0,0,0,1,100,9864.0,1684315.87,0
1339222,11.59,51.7,40.0,0,0,1,100,9864.0,1685302.25,0
1340222,11.61,51.7,40.0,0,0,1,100,9864.0,1686288.62,0
1341222,11.63,51.8,40.0,0,0,1,100,9864.0,1687275.00,0
1342222,11.65,51.8,40.0,0,0,1,100,9864.0,1688261.37,0
1343222,11.67,51.8,40.0,0,0,1,100,9864.0,1689247.75,0
1344222,11.69,51.8,40.0,0,0,1,100,9864.0,1690234.12,0
1345222,11.71,51.8,40.0,0,0,1,100,9864.0,1691220.50,0
1346222,11.73,51.9,40.0,0,0,1,100,9864.0,1692206.87,0
1347222,11.74,51.9,40.0,0,0,1,100,9864.0,1693193.25,0
1348222,11.76,51.9,40.0,0,0,1,100,9864.0,1694179.62,0
1349222,11.78,51.9,40.0,0,0,1,100,9864.0,1695166.00,0
1350222,11.80,51.9,40.0,0,0,1,100,9864.0,1696152.37,0
1351222,11.82,52.0,40.0,0,0,1,100,9864.0,1697138.75,0
1352222,11.84,52.0,40.0,0,0,1,100,9864.0,1698125.12,0
1353222,11.86,52.0,40.0,0,0,1,100,9864.0,1699111.50,0
1354222,11.88,52.0,40.0,0,0,1,100,9864.0,1700097.87,0
1355222,11.90,52.0,40.0,0,0,1,100,9864.0,1701084.25,0
1356222,11.91,52.1,40.0,0,0,1,100,9864.0,1702070.62,0
1357222,11.93,52.1,40.0,0,0,1,100,9864.0,1703057.00,0
1358222,11.95,52.1,40.0,0,0,1,100,9864.0,1704043.37,0
1359222,11.97,52.1,40.0,0,0,1,100,9864.0,1705029.75,0
1360222,11.99,52.1,40.0,0,0,1,100,9864.0,1706016.12,0
1361222,12.01,52.2,40.0,0,0,1,100,9864.0,1707002.50,0
1362222,12.03,52.2,40.0,0,0,1,100,9864.0,1707988.87,0
1363222,12.05,52.2,40.0,0,0,1,100,9864.0,1708975.25,0
1364222,12.07,52.2,40.0,0,0,1,100,9864.0,1709961.62,0
1365222,12.08,52.2,40.0,0,0,1,100,9864.0,1710948.00,0
1366222,12.10,52.3,40.0,0,0,1,100,9864.0,1711934.37,0
1367222,12.12,52.3,40.0,0,0,1,100,9864.0,1712920.75,0
1368222,12.14,52.3,40.0,0,0,1,100,9864.0,1713907.12,0
1369222,12.16,52.3,40.0,0,0,1,100,9864.0,1714893.50,0
1370222,12.18,52.3,40.0,0,0,1,100,9864.0,1715879.87,0
1371222,12.20,52.4,40.0,0,0,1,100,9864.0,1716866.25,0
1372222,12.22,52.4,40.0,0,0,1,100,9864.0,1717852.62,0
1373222,12.24,52.4,40.0,0,0,1,100,9864.0,1718839.00,0
1374222,12.26,52.4,40.0,0,0,1,100,9864.0,1719825.37,0
1375222,12.27,52.4,40.0,0,0,1,100,9864.0,1720811.75,0
1376222,12.29,52.5,40.0,0,0,1,100,9864.0,1721798.12,0
1377222,12.31,52.5,40.0,0,0,1,100,9864.0,1722784.50,0
1383222,12.43,52.6,40.0,0,0,1,100,9864.0,1728702.75,0
1384222,12.45,52.6,40.0,0,0,1,100,9864.0,1729689.12,0
1385222,12.46,52.6,40.0,0,0,1,100,9864.0,1730675.50,0
1386222,12.48,52.7,40.0,0,0,1,100,9864.0,1731661.87,0
1401222,12.77,53.0,40.0,0,0,1,100,9864.0,1746457.50,0
1402222,12.79,53.0,40.0,0,0,1,100,9864.0,1747443.87,0
1403222,12.81,53.0,40.0,0,0,1,100,9864.0,1748430.25,0
1404222,12.83,53.0,40.0,0,0,1,100,9864.0,1749416.62,0
1405222,12.85,53.0,40.0,0,0,1,100,9864.0,1750403.00,0
1406222,12.87,53.1,40.0,0,0,1,100,9864.0,1751389.37,0
1407222,12.88,53.1,40.0,0,0,1,100,9864.0,1752375.75,0
1408222,12.90,53.1,40.0,0,0,1,100,9864.0,1753362.12,0
1409222,12.92,53.1,40.0,0,0,1,100,9864.0,1754348.50,0
1410222,12.94,53.1,40.0,0,0,1,100,9864.0,1755334.87,0
1411222,12.96,53.2,40.0,0,0,1,100,9864.0,1756321.25,0
1412222,12.98,53.2,40.0,0,0,1,100,9864.0,1757307.62,0
1413222,13.00,53.2,40.0,0,0,1,100,9864.0,1758294.00,0
1414222,13.02,53.2,40.0,0,0,1,100,9864.0,1759280.37,0
1415222,13.04,53.2,40.0,0,0,1,100,9864.0,1760266.75,0
1416222,13.06,53.3,40.0,0,0,1,100,9864.0,1761253.12,0
1417222,13.08,53.3,40.0,0,0,1,100,9864.0,1762239.50,0
1418222,13.10,53.3,40.0,0,0,1,100,9864.0,1763225.87,0
1419222,13.12,53.3,40.0,0,0,1,100,9864.0,1764212.25,0
1420222,13.13,53.3,40.0,0,0,1,100,9864.0,1765198.62,0
1421222,13.15,53.4,40.0,0,0,1,100,9864.0,1766185.00,0
1422222,13.17,53.4,40.0,0,0,1,100,9864.0,1767171.37,0
1423222,13.19,53.4,40.0,0,0,1,100,9864.0,1768157.75,0
1424222,13.21,53.4,40.0,0,0,1,100,9864.0,1769144.12,0
1425222,13.23,53.4,40.0,0,0,1,100,9864.0,1770130.50,0
1426222,13.25,53.5,40.0,0,0,1,100,9864.0,1771116.87,0
1427222,13.27,53.5,40.0,0,0,1,100,9864.0,1772103.25,0
1428222,13.29,53.5,40.0,0,0,1,100,9864.0,1773089.62,0
1429222,13.31,53.5,40.0,0,0,1,100,9864.0,1774076.00,0
1430222,13.33,53.5,40.0,0,0,1,100,9864.0,1775062.37,0
1431222,13.35,53.6,40.0,0,0,1,100,9864.0,1776048.75,0
1432222,13.37,53.6,40.0,0,0,1,100,9864.0,1777035.12,0
1433222,13.38,53.6,40.0,0,0,1,100,9864.0,1778021.50,0
1434222,13.40,53.6,40.0,0,0,1,100,9864.0,1779007.87,0
1435222,13.42,53.6,40.0,0,0,1,100,9864.0,1779994.25,0
1436222,13.44,53.7,40.0,0,0,1,100,9864.0,1780980.62,0
1437222,13.46,53.7,40.0,0,0,1,100,9864.0,1781967.00,0
1438222,13.48,53.7,40.0,0,0,1,100,9864.0,1782953.37,0
1439222,13.50,53.7,40.0,0,0,1,100,9864.0,1783939.75,0
1440222,13.52,53.7,40.0,0,0,1,100,9864.0,1784926.12,0
1441222,13.54,53.8,40.0,0,0,1,100,9864.0,1785912.50,0
1442222,13.56,53.8,40.0,0,0,1,100,9864.0,1786898.87,0
1443222,13.58,53.8,40.0,0,0,1,100,9864.0,1787885.25,0
1444222,13.60,53.8,40.0,0,0,1,100,9864.0,1788871.62,0
1445222,13.62,53.8,40.0,0,0,1,100,9864.0,1789858.00,0
1446222,13.64,53.9,40.0,0,0,1,100,9864.0,1790844.37,0
1447222,13.65,53.9,40.0,0,0,1,100,9864.0,1791830.75,0
1448222,13.67,53.9,40.0,0,0,1,100,9864.0,1792817.12,0
1449222,13.69,53.9,40.0,0,0,1,100,9864.0,1793803.50,0
1450222,13.71,53.9,40.0,0,0,1,100,9864.0,1794789.87,0
1451222,13.73,54.0,40.0,0,0,1,100,9864.0,1795776.25,0
1452222,13.75,54.0,40.0,0,0,1,100,9864.0,1796762.62,0
1453222,13.77,54.0,40.0,0,0,1,100,9864.0,1797749.00,0
1454222,13.79,54.0,40.0,0,0,1,100,9864.0,1798735.37,0
1455222,13.81,54.0,40.0,0,0,1,100,9864.0,1799721.75,0
1456222,13.83,54.1,40.0,0,0,1,100,9864.0,1800708.12,0
1457222,13.85,54.1,40.0,0,0,1,100,9864.0,1801694.50,0
1458222,13.87,54.1,40.0,0,0,1,100,9864.0,1802680.87,0
1459222,13.89,54.1,40.0,0,0,1,100,9864.0,1803667.25,0
1460222,13.91,54.1,40.0,0,0,1,100,9864.0,1804653.62,0
1461222,13.93,54.2,40.0,0,0,1,100,9864.0,1805640.00,0
1462222,13.94,54.2,40.0,0,0,1,100,9864.0,1806626.37,0
1463222,13.96,54.2,40.0,0,0,1,100,9864.0,1807612.75,0
1464222,13.98,54.2,40.0,0,0,1,100,9864.0,1808599.12,0
1465222,14.00,54.2,40.0,0,0,1,100,9864.0,1809585.50,0
1466222,14.02,54.3,40.0,0,0,1,100,9864.0,1810571.87,0
1467222,14.04,54.3,40.0,0,0,1,100,9864.0,1811558.25,0
1468222,14.06,54.3,40.0,0,0,1,100,9864.0,1812544.62,0
1469222,14.08,54.3,40.0,0,0,1,100,9864.0,1813531.00,0
1470222,14.10,54.3,40.0,0,0,1,100,9864.0,1814517.37,0
1471222,14.12,54.4,40.0,0,0,1,100,9864.0,1815503.75,0
1472222,14.14,54.4,40.0,0,0,1,100,9864.0,1816490.12,0
1473222,14.16,54.4,40.0,0,0,1,100,9864.0,1817476.50,0
1474222,14.18,54.4,40.0,0,0,1,100,9864.0,1818462.87,0
1475222,14.20,54.4,40.0,0,0,1,100,9864.0,1819449.25,0
1476222,14.22,54.5,40.0,0,0,1,100,9864.0,1820435.62,0
1477222,14.24,54.5,40.0,0,0,1,100,9864.0,1821422.00,0
1478222,14.26,54.5,40.0,0,0,1,100,9864.0,1822408.37,0
1479222,14.27,54.5,40.0,0,0,1,100,9864.0,1823394.75,0
1480222,14.29,54.5,40.0,0,0,1,100,9864.0,1824381.12,0
1481222,14.31,54.6,40.0,0,0,1,100,9864.0,1825367.50,0
1482222,14.33,54.6,40.0,0,0,1,100,9864.0,1826353.87,0
1483222,14.35,54.6,40.0,0,0,1,100,9864.0,1827340.25,0
1484222,14.37,54.6,40.0,0,0,1,100,9864.0,1828326.62,0
1485222,14.39,54.6,40.0,0,0,1,100,9864.0,1829313.00,0
1486222,14.41,54.7,40.0,0,0,1,100,9864.0,1830299.37,0
1487222,14.43,54.7,40.0,0,0,1,100,9864.0,1831285.75,0
1488222,14.45,54.7,40.0,0,0,1,100,9864.0,1832272.12,0
1489222,14.47,54.7,40.0,0,0,1,100,9864.0,1833258.50,0
1490222,14.49,54.7,40.0,0,0,1,100,9864.0,1834244.87,0
1491222,14.51,54.8,40.0,0,0,1,100,9864.0,1835231.25,0
1492222,14.53,54.8,40.0,0,0,1,100,9864.0,1836217.62,0
1493222,14.55,54.8,40.0,0,0,1,100,9864.0,1837204.00,0
1494222,14.57,54.8,40.0,0,0,1,100,9864.0,1838190.37,0
1495222,14.59,54.8,40.0,0,0,1,100,9864.0,1839176.75,0
1496222,14.61,54.9,40.0,0,0,1,100,9864.0,1840163.12,0
1497222,14.62,54.9,40.0,0,0,1,100,9864.0,1841149.50,0
1498222,14.64,54.9,40.0,0,0,1,100,9864.0,1842135.87,0
1499222,14.66,54.9,40.0,0,0,1,100,9864.0,1843122.25,0
1500222,14.68,54.9,40.0,0,0,1,100,9864.0,1844108.62,0
1501222,14.70,55.0,40.0,0,0,1,100,9864.0,1845095.00,0
1502222,14.72,55.0,40.0,0,0,1,100,9864.0,1846081.37,0
1503222,14.74,55.0,40.0,0,0,1,100,9864.0,1847067.75,0
1504222,14.76,55.0,40.0,0,0,1,100,9864.0,1848054.12,0
1505222,14.78,55.0,40.0,0,0,1,100,9864.0,1849040.50,0
1506222,14.80,55.1,40.0,0,0,1,100,9864.0,1850026.87,0
1507222,14.82,55.1,40.0,0,0,1,100,9864.0,1851013.25,0
1508222,14.84,55.1,40.0,0,0,1,100,9864.0,1851999.62,0
1509222,14.86,55.1,40.0,0,0,1,100,9864.0,1852986.00,0
1510222,14.88,55.1,40.0,0,0,1,100,9864.0,1853972.37,0
1511222,14.90,55.2,40.0,0,0,1,100,9864.0,1854958.75,0
1512222,14.92,55.2,40.0,0,0,1,100,9864.0,1855945.12,0
1513222,14.94,55.2,40.0,0,0,1,100,9864.0,1856931.50,0
1514222,14.96,55.2,40.0,0,0,1,100,9864.0,1857917.87,0
1515222,14.98,55.2,40.0,0,0,1,100,9864.0,1858904.25,0
1516222,15.00,55.3,40.0,0,0,1,100,9864.0,1859890.62,0
1517222,15.02,55.3,40.0,0,0,1,100,9864.0,1860877.00,0
1518222,15.03,55.3,40.0,0,0,1,100,9864.0,1861863.37,0
1519222,15.05,55.3,40.0,0,0,1,100,9864.0,1862849.75,0
1520222,15.07,55.3,40.0,0,0,1,100,9864.0,1863836.12,0
1521222,15.09,55.4,40.0,0,0,1,100,9864.0,1864822.50,0
1522222,15.11,55.4,40.0,0,0,1,100,9864.0,1865808.87,0
1523222,15.13,55.4,40.0,0,0,1,100,9864.0,1866795.25,0
1524222,15.15,55.4,40.0,0,0,1,100,9864.0,1867781.62,0
1525222,15.17,55.4,40.0,0,0,1,100,9864.0,1868768.00,0
1526222,15.19,55.5,40.0,0,0,1,100,9864.0,1869754.37,0
1527222,15.21,55.5,40.0,0,0,1,100,9864.0,1870740.75,0
1528222,15.23,55.5,40.0,0,0,1,100,9864.0,1871727.12,0
1529222,15.25,55.5,40.0,0,0,1,100,9864.0,1872713.50,0
1530222,15.27,55.5,40.0,0,0,1,100,9864.0,1873699.87,0
1531222,15.29,55.6,40.0,0,0,1,100,9864.0,1874686.25,0
1532222,15.31,55.6,40.0,0,0,1,100,9864.0,1875672.62,0
1533222,15.33,55.6,40.0,0,0,1,100,9864.0,1876659.00,0
1534222,15.35,55.6,40.0,0,0,1,100,9864.0,1877645.37,0
1535222,15.37,55.6,40.0,0,0,1,100,9864.0,1878631.75,0
1536222,15.39,55.7,40.0,0,0,1,100,9864.0,1879618.12,0
1537222,15.41,55.7,40.0,0,0,1,100,9864.0,1880604.50,0
1538222,15.43,55.7,40.0,0,0,1,100,9864.0,1881590.87,0
1539222,15.45,55.7,40.0,0,0,1,100,9864.0,1882577.25,0
1540222,15.46,55.7,40.0,0,0,1,100,9864.0,1883563.62,0
1541222,15.48,55.8,40.0,0,0,1,100,9864.0,1884550.00,0
1542222,15.50,55.8,40.0,0,0,1,100,9864.0,1885536.37,0
1543222,15.52,55.8,40.0,0,0,1,100,9864.0,1886522.75,0
1544222,15.54,55.8,40.0,0,0,1,100,9864.0,1887509.12,0
1545222,15.56,55.8,40.0,0,0,1,100,9864.0,1888495.50,0
1546222,15.58,55.9,40.0,0,0,1,100,9864.0,1889481.87,0
1547222,15.60,55.9,40.0,0,0,1,100,9864.0,1890468.25,0
1548222,15.62,55.9,40.0,0,0,1,100,9864.0,1891454.62,0
1549222,15.64,55.9,40.0,0,0,1,100,9864.0,1892441.00,0
1550222,15.66,55.9,40.0,0,0,1,100,9864.0,1893427.37,0
1551222,15.68,56.0,40.0,0,0,1,100,9864.0,1894413.75,0
1552222,15.70,56.0,40.0,0,0,1,100,9864.0,1895400.12,0
1553222,15.72,56.0,40.0,0,0,1,100,9864.0,1896386.50,0
1554222,15.74,56.0,40.0,0,0,1,100,9864.0,1897372.87,0
1555222,15.76,56.0,40.0,0,0,1,100,9864.0,1898359.25,0
1556222,15.78,56.1,40.0,0,0,1,100,9864.0,1899345.62,0
1557222,15.80,56.1,40.0,0,0,1,100,9864.0,1900332.00,0
1558222,15.82,56.1,40.0,0,0,1,100,9864.0,1901318.37,0
1559222,15.84,56.1,40.0,0,0,1,100,9864.0,1902304.75,0
1560222,15.86,56.1,40.0,0,0,1,100,9864.0,1903291.12,0
1561222,15.88,56.2,40.0,0,0,1,100,9864.0,1904277.50,0
1562222,15.90,56.2,40.0,0,0,1,100,9864.0,1905263.87,0
1563222,15.92,56.2,40.0,0,0,1,100,9864.0,1906250.25,0
1564222,15.94,56.2,40.0,0,0,1,100,9864.0,1907236.62,0
1565222,15.96,56.2,40.0,0,0,1,100,9864.0,1908223.00,0
1566222,15.97,56.3,40.0,0,0,1,100,9864.0,1909209.37,0
1567222,15.99,56.3,40.0,0,0,1,100,9864.0,1910195.75,0
1568222,16.01,56.3,40.0,0,0,1,100,9864.0,1911182.12,0
1569222,16.03,56.3,40.0,0,0,1,100,9864.0,1912168.50,0
1570222,16.05,56.3,40.0,0,0,1,100,9864.0,1913154.87,0
1571222,16.07,56.4,40.0,0,0,1,100,9864.0,1914141.25,0
1572222,16.09,56.4,40.0,0,0,1,100,9864.0,1915127.62,0
1573222,16.11,56.4,40.0,0,0,1,100,9864.0,1916114.00,0
1574222,16.13,56.4,40.0,0,0,1,100,9864.0,1917100.37,0
1575222,16.15,56.4,40.0,0,0,1,100,9864.0,1918086.75,0
1576222,16.17,56.5,40.0,0,0,1,100,9864.0,1919073.12,0
1577222,16.19,56.5,40.0,0,0,1,100,9864.0,1920059.50,0
1578222,16.21,56.5,40.0,0,0,1,100,9864.0,1921045.87,0
1579222,16.23,56.5,40.0,0,0,1,100,9864.0,1922032.25,0
1580222,16.25,56.5,40.0,0,0,1,100,9864.0,1923018.62,0
1581222,16.27,56.6,40.0,0,0,1,100,9864.0,1924005.00,0
1582222,16.29,56.6,40.0,0,0,1,100,9864.0,1924991.37,0
1583222,16.31,56.6,40.0,0,0,1,100,9864.0,1925977.75,0
1584222,16.33,56.6,40.0,0,0,1,100,9864.0,1926964.12,0
1585222,16.35,56.6,40.0,0,0,1,100,9864.0,1927950.50,0
1586222,16.37,56.7,40.0,0,0,1,100,9864.0,1928936.87,0
1587222,16.39,56.7,40.0,0,0,1,100,9864.0,1929923.25,0
1588222,16.41,56.7,40.0,0,0,1,100,9864.0,1930909.62,0
1589222,16.43,56.7,40.0,0,0,1,100,9864.0,1931896.00,0
1590222,16.45,56.7,40.0,0,0,1,100,9864.0,1932882.37,0
1591222,16.47,56.8,40.0,0,0,1,100,9864.0,1933868.75,0
1592222,16.49,56.8,40.0,0,0,1,100,9864.0,1934855.12,0
1593222,16.51,56.8,40.0,0,0,1,100,9864.0,1935841.50,0
1594222,16.53,56.8,40.0,0,0,1,100,9864.0,1936827.87,0
1595222,16.55,56.8,40.0,0,0,1,100,9864.0,1937814.25,0
1596222,16.57,56.9,40.0,0,0,1,100,9864.0,1938800.62,0
1597222,16.59,56.9,40.0,0,0,1,100,9864.0,1939787.00,0
1598222,16.60,56.9,40.0,0,0,1,100,9864.0,1940773.37,0
1599222,16.62,56.9,40.0,0,0,1,100,9864.0,1941759.75,0
1600222,16.64,56.9,40.0,0,0,1,100,9864.0,1942746.12,0
1601222,16.66,57.0,40.0,0,0,1,100,9864.0,1943732.50,0
1602222,16.68,57.0,40.0,0,0,1,100,9864.0,1944718.87,0
1603222,16.70,57.0,40.0,0,0,1,100,9864.0,1945705.25,0
1604222,16.72,57.0,40.0,0,0,1,100,9864.0,1946691.62,0
1605222,16.74,57.0,40.0,0,0,1,100,9864.0,1947678.00,0
1606222,16.76,57.1,40.0,0,0,1,100,9864.0,1948664.37,0
1607222,16.78,57.1,40.0,0,0,1,100,9864.0,1949650.75,0
1608222,16.80,57.1,40.0,0,0,1,100,9864.0,1950637.12,0
1609222,16.82,57.1,40.0,0,0,1,100,9864.0,1951623.50,0
1610222,16.84,57.1,40.0,0,0,1,100,9864.0,1952609.87,0
1611222,16.86,57.2,40.0,0,0,1,100,9864.0,1953596.25,0
1612222,16.88,57.2,40.0,0,0,1,100,9864.0,1954582.62,0
1613222,16.90,57.2,40.0,0,0,1,100,9864.0,1955569.00,0
1614222,16.92,57.2,40.0,0,0,1,100,9864.0,1956555.37,0
1615222,16.94,57.2,40.0,0,0,1,100,9864.0,1957541.75,0
1616222,16.96,57.3,40.0,0,0,1,100,9864.0,1958528.12,0
1617222,16.98,57.3,40.0,0,0,1,100,9864.0,1959514.50,0
1618222,17.00,57.3,40.0,0,0,1,100,9864.0,1960500.87,0
1619222,17.02,57.3,40.0,0,0,1,100,9864.0,1961487.25,0
1620222,17.04,57.3,40.0,0,0,1,100,9864.0,1962473.62,0
1621222,17.06,57.4,40.0,0,0,1,100,9864.0,1963460.00,0
1622222,17.08,57.4,40.0,0,0,1,100,9864.0,1964446.37,0
1623222,17.10,57.4,40.0,0,0,1,100,9864.0,1965432.75,0
1624222,17.12,57.4,40.0,0,0,1,100,9864.0,1966419.12,0
1625222,17.14,57.4,40.0,0,0,1,100,9864.0,1967405.50,0
1626222,17.16,57.5,40.0,0,0,1,100,9864.0,1968391.87,0
1627222,17.18,57.5,40.0,0,0,1,100,9864.0,1969378.25,0
1628222,17.20,57.5,40.0,0,0,1,100,9864.0,1970364.62,0
1629222,17.22,57.5,40.0,0,0,1,100,9864.0,1971351.00,0
1630222,17.24,57.5,40.0,0,0,1,100,9864.0,1972337.37,0
1631222,17.26,57.6,40.0,0,0,1,100,9864.0,1973323.75,0
1632222,17.28,57.6,40.0,0,0,1,100,9864.0,1974310.12,0
1633222,17.30,57.6,40.0,0,0,1,100,9864.0,1975296.50,0
1634222,17.31,57.6,40.0,0,0,1,100,9864.0,1976282.87,0
1635222,17.33,57.6,40.0,0,0,1,100,9864.0,1977269.25,0
1636222,17.35,57.7,40.0,0,0,1,100,9864.0,1978255.62,0
1637222,17.37,57.7,40.0,0,0,1,100,9864.0,1979242.00,0
1638222,17.39,57.7,40.0,0,0,1,100,9864.0,1980228.37,0
1639222,17.41,57.7,40.0,0,0,1,100,9864.0,1981214.75,0
1640222,17.43,57.7,40.0,0,0,1,100,9864.0,1982201.12,0
1641222,17.45,57.8,40.0,0,0,1,100,9864.0,1983187.50,0
1642222,17.47,57.8,40.0,0,0,1,100,9864.0,1984173.87,0
1643222,17.49,57.8,40.0,0,0,1,100,9864.0,1985160.25,0
1644222,17.51,57.8,40.0,0,0,1,100,9864.0,1986146.62,0
1645222,17.53,57.8,40.0,0,0,1,100,9864.0,1987133.00,0
1646222,17.55,57.9,40.0,0,0,1,100,9864.0,1988119.37,0
1647222,17.57,57.9,40.0,0,0,1,100,9864.0,1989105.75,0
1648222,17.59,57.9,40.0,0,0,1,100,9864.0,1990092.12,0
1649222,17.61,57.9,40.0,0,0,1,100,9864.0,1991078.50,0
1650222,17.63,57.9,40.0,0,0,1,100,9864.0,1992064.87,0
1651222,17.65,58.0,40.0,0,0,1,100,9864.0,1993051.25,0
1652222,17.67,58.0,40.0,0,0,1,100,9864.0,1994037.62,0
1653222,17.69,58.0,40.0,0,0,1,100,9864.0,1995024.00,0
1654222,17.71,58.0,40.0,0,0,1,100,9864.0,1996010.37,0
1655222,17.73,58.0,40.0,0,0,1,100,9864.0,1996996.75,0
1656222,17.75,58.1,40.0,0,0,1,100,9864.0,1997983.12,0
1657222,17.77,58.1,40.0,0,0,1,100,9864.0,1998969.50,0
1658222,17.79,58.1,40.0,0,0,1,100,9864.0,1999955.87,0
1659222,17.81,58.1,40.0,0,0,1,100,9864.0,2000942.25,0
1660222,17.83,58.1,40.0,0,0,1,100,9864.0,2001928.62,0
1661222,17.85,58.2,40.0,0,0,1,100,9864.0,2002915.00,0
1662222,17.87,58.2,40.0,0,0,1,100,9864.0,2003901.37,0
1663222,17.89,58.2,40.0,0,0,1,100,9864.0,2004887.75,0
1664222,17.91,58.2,40.0,0,0,1,100,9864.0,2005874.12,0
1665222,17.93,58.2,40.0,0,0,1,100,9864.0,2006860.50,0
1666222,17.95,58.3,40.0,0,0,1,100,9864.0,2007846.87,0
1667222,17.97,58.3,40.0,0,0,1,100,9864.0,2008833.25,0
1668222,17.99,58.3,40.0,0,0,1,100,9864.0,2009819.62,0
1669222,18.01,58.3,40.0,0,0,1,100,9864.0,2010806.00,0
1670222,18.03,58.3,40.0,0,0,1,100,9864.0,2011792.37,0
1671222,18.05,58.4,40.0,0,0,1,100,9864.0,2012778.75,0
1672222,18.07,58.4,40.0,0,0,1,100,9864.0,2013765.12,0
1673222,18.09,58.4,40.0,0,0,1,100,9864.0,2014751.50,0
1674222,18.11,58.4,40.0,0,0,1,100,9864.0,2015737.87,0
1675222,18.13,58.4,40.0,0,0,1,100,9864.0,2016724.25,0
1676222,18.15,58.5,40.0,0,0,1,100,9864.0,2017710.62,0
1677222,18.17,58.5,40.0,0,0,1,100,9864.0,2018697.00,0
1678222,18.19,58.5,40.0,0,0,1,100,9864.0,2019683.37,0
1679222,18.20,58.5,40.0,0,0,1,100,9864.0,2020669.75,0
1680222,18.22,58.5,40.0,0,0,1,100,9864.0,2021656.12,0
1681222,18.24,58.6,40.0,0,0,1,100,9864.0,2022642.50,0
1682222,18.26,58.6,40.0,0,0,1,100,9864.0,2023628.87,0
1683222,18.28,58.6,40.0,0,0,1,100,9864.0,2024615.25,0
1684222,18.30,58.6,40.0,0,0,1,100,9864.0,2025601.62,0
1685222,18.32,58.6,40.0,0,0,1,100,9864.0,2026588.00,0
1686222,18.34,58.7,40.0,0,0,1,100,9864.0,2027574.37,0
1687222,18.36,58.7,40.0,0,0,1,100,9864.0,2028560.75,0
1688222,18.38,58.7,40.0,0,0,1,100,9864.0,2029547.12,0
1689222,18.40,58.7,40.0,0,0,1,100,9864.0,2030533.50,0
1690222,18.42,58.7,40.0,0,0,1,100,9864.0,2031519.87,0
1691222,18.44,58.8,40.0,0,0,1,100,9864.0,2032506.25,0
1692222,18.46,58.8,40.0,0,0,1,100,9864.0,2033492.62,0
1693222,18.48,58.8,40.0,0,0,1,100,9864.0,2034479.00,0
1694222,18.50,58.8,40.0,0,0,1,100,9864.0,2035465.37,0
1695222,18.52,58.8,40.0,0,0,1,100,9864.0,2036451.75,0
1696222,18.54,58.9,40.0,0,0,1,100,9864.0,2037438.12,0
1697222,18.56,58.9,40.0,0,0,1,100,9864.0,2038424.50,0
1698222,18.58,58.9,40.0,0,0,1,100,9864.0,2039410.87,0
1699222,18.60,58.9,40.0,0,0,1,100,9864.0,2040397.25,0
1700222,18.62,58.9,40.0,0,0,1,100,9864.0,2041383.62,0
1701222,18.64,59.0,40.0,0,0,1,100,9864.0,2042370.00,0
1702222,18.66,59.0,40.0,0,0,1,100,9864.0,2043356.37,0
1703222,18.68,59.0,40.0,0,0,1,100,9864.0,2044342.75,0
1704222,18.70,59.0,40.0,0,0,1,100,9864.0,2045329.12,0
1705222,18.72,59.0,40.0,0,0,1,100,9864.0,2046315.50,0
1706222,18.74,59.1,40.0,0,0,1,100,9864.0,2047301.87,0
1707222,18.76,59.1,40.0,0,0,1,100,9864.0,2048288.25,0
1708222,18.78,59.1,40.0,0,0,1,100,9864.0,2049274.62,0
1709222,18.80,59.1,40.0,0,0,1,100,9864.0,2050261.00,0
1710222,18.82,59.1,40.0,0,0,1,100,9864.0,2051247.37,0
1711222,18.84,59.2,40.0,0,0,1,100,9864.0,2052233.75,0
1712222,18.86,59.2,40.0,0,0,1,100,9864.0,2053220.12,0
1713222,18.88,59.2,40.0,0,0,1,100,9864.0,2054206.50,0
1714222,18.90,59.2,40.0,0,0,1,100,9864.0,2055192.87,0
1715222,18.92,59.2,40.0,0,0,1,100,9864.0,2056179.25,0
1716222,18.94,59.3,40.0,0,0,1,100,9864.0,2057165.62,0
1717222,18.96,59.3,40.0,0,0,1,100,9864.0,2058152.00,0
1718222,18.98,59.3,40.0,0,0,1,100,9864.0,2059138.37,0
1719222,19.00,59.3,40.0,0,0,1,100,9864.0,2060124.75,0
1720222,19.02,59.3,40.0,0,0,1,100,9864.0,2061111.12,0
1721222,19.04,59.4,40.0,0,0,1,100,9864.0,2062097.50,0
1722222,19.06,59.4,40.0,0,0,1,100,9864.0,2063083.87,0
1723222,19.08,59.4,40.0,0,0,1,100,9864.0,2064070.25,0
1724222,19.10,59.4,40.0,0,0,1,100,9864.0,2065056.62,0
1725222,19.12,59.4,40.0,0,0,1,100,9864.0,2066043.00,0
1726222,19.14,59.5,40.0,0,0,1,100,9864.0,2067029.37,0
1727222,19.16,59.5,40.0,0,0,1,100,9864.0,2068015.75,0
1728222,19.18,59.5,40.0,0,0,1,100,9864.0,2069002.12,0
1729222,19.20,59.5,40.0,0,0,1,100,9864.0,2069988.50,0
1730222,19.22,59.5,40.0,0,0,1,100,9864.0,2070974.87,0
1731222,19.24,59.6,40.0,0,0,1,100,9864.0,2071961.25,0
1732222,19.26,59.6,40.0,0,0,1,100,9864.0,2072947.62,0
1733222,19.28,59.6,40.0,0,0,1,100,9864.0,2073934.00,0
1734222,19.30,59.6,40.0,0,0,1,100,9864.0,2074920.37,0
1735222,19.32,59.6,40.0,0,0,1,100,9864.0,2075906.75,0
1736222,19.34,59.7,40.0,0,0,1,100,9864.0,2076893.12,0
1737222,19.36,59.7,40.0,0,0,1,100,9864.0,2077879.50,0
1738222,19.38,59.7,40.0,0,0,1,100,9864.0,2078865.87,0
1739222,19.40,59.7,40.0,0,0,1,100,9864.0,2079852.25,0
1740222,19.41,59.7,40.0,0,0,1,100,9864.0,2080838.62,0
1741222,19.43,59.8,40.0,0,0,1,100,9864.0,2081825.00,0
1742222,19.45,59.8,40.0,0,0,1,100,9864.0,2082811.37,0
1743222,19.47,59.8,40.0,0,0,1,100,9864.0,2083797.75,0
1744222,19.49,59.8,40.0,0,0,1,100,9864.0,2084784.12,0
1745222,19.51,59.8,40.0,0,0,1,100,9864.0,2085770.50,0
1746222,19.53,59.9,40.0,0,0,1,100,9864.0,2086756.87,0
1747222,19.55,59.9,40.0,0,0,1,100,9864.0,2087743.25,0
1748222,19.57,59.9,40.0,0,0,1,100,9864.0,2088729.62,0
1749222,19.59,59.9,40.0,0,0,1,100,9864.0,2089716.00,0
1750222,19.61,59.9,40.0,0,0,1,100,9864.0,2090702.37,0
1751222,19.63,60.0,40.0,0,0,1,100,9864.0,2091688.75,0
1752222,19.65,60.0,40.0,0,0,1,100,9864.0,2092675.12,0
1753222,19.67,60.0,40.0,0,0,1,100,9864.0,2093661.50,0
1754222,19.69,60.0,40.0,0,0,1,100,9864.0,2094647.87,0
1755222,19.71,60.0,40.0,0,0,1,100,9864.0,2095634.25,0
 